game_result,turnovers,pass_cmp,pass_att,pass_yds,pass_td,rush_att,rush_yds,rush_td,rush_yds_per_att,tot_plays,tot_yds_per_play,first_down_pass,first_down_rush,first_down_penalty,first_down,penalty,penalty_yds,fumbles_lost,pass_int,game_loc,turnovers_opp,pass_cmp_opp,pass_att_opp,pass_yds_opp,pass_td_opp,rush_att_opp,rush_yds_opp,rush_td_opp,rush_yds_per_att_opp,tot_plays_opp,tot_yds_per_play_opp,first_down_pass_opp,first_down_rush_opp,first_down_penalty_opp,first_down_opp,penalty_opp,penalty_yds_opp,fumbles_lost_opp,pass_int_opp,team_elo
W (42-16),3,16,26,194,2,42,199,4,4.7,68,5.8,4,8,4,20,13,120,3,0,1,0,16,36,103,0,46,206,1,4.5,82,3.8,4,11,4,21,11,92,0,0,31.0771269992549
W (41-34),1,27,33,374,2,32,173,3,5.4,65,8.4,0,6,0,21,10,90,0,1,1,4,27,50,439,3,26,80,2,3.1,76,6.8,2,5,2,25,6,50,1,3,73.38230156439016
W (27-25),2,16,23,209,1,38,104,3,2.7,61,5.1,1,9,1,20,7,67,0,2,1,4,24,32,242,2,39,132,1,3.4,71,5.3,3,9,3,23,6,49,3,1,87.22905121868786
W (34-0),0,16,26,215,0,37,271,4,7.3,63,7.7,2,11,2,22,7,85,0,0,1,3,13,24,72,0,39,167,0,4.3,63,3.8,1,12,1,15,5,55,0,3,95.05048343192536
W (21-19),3,32,47,424,2,36,81,0,2.3,83,6.1,0,6,0,25,5,61,1,2,0,2,18,28,226,1,30,98,0,3.3,58,5.6,3,6,3,16,6,42,1,1,14.50812006668493
L (37-52),2,26,44,293,2,40,180,3,4.5,84,5.6,6,10,6,32,15,158,0,2,0,0,8,14,129,3,39,236,3,6.1,53,6.9,4,13,4,21,8,85,0,0,-4.7901828635032295
W (33-26),1,18,27,299,3,38,180,1,4.7,65,7.4,2,10,2,25,5,55,1,0,1,0,16,22,192,1,34,194,2,5.7,56,6.9,2,12,2,20,6,65,0,0,5.625281130777372
L (24-38),3,17,31,226,1,40,150,2,3.8,71,5.3,4,10,4,23,3,11,1,2,0,0,14,18,150,1,41,203,4,5.0,59,6.0,1,11,1,19,8,90,0,0,20.62386269002521
L (7-31),1,26,42,268,0,19,56,1,2.9,61,5.3,0,5,0,16,9,74,0,1,0,0,14,23,156,2,41,235,1,5.7,64,6.1,2,15,2,21,3,20,0,0,11.666917621789981
L (22-28),3,28,49,301,0,30,121,1,4.0,79,5.3,3,8,3,25,3,20,1,2,1,2,17,29,214,0,29,117,3,4.0,58,5.7,0,8,0,14,6,56,2,0,21.564383157441576
L (7-34),3,16,26,138,1,34,107,0,3.1,60,4.1,3,7,3,16,9,91,2,1,1,3,23,34,250,2,39,148,2,3.8,73,5.5,3,6,3,21,6,70,1,2,4.900619755369341
L (12-56),1,24,33,256,2,25,5,0,0.2,58,4.5,1,1,1,14,10,100,1,0,0,0,20,25,294,3,44,308,5,7.0,69,8.7,4,18,4,33,5,40,0,0,-8.523799154285538
W (30-23),0,10,20,69,0,57,346,2,6.1,77,5.4,0,23,0,26,9,85,0,0,1,1,18,28,268,2,27,24,1,0.9,55,5.3,2,4,2,18,3,35,1,0,31.545284237307456
L (22-30),1,22,38,282,0,30,94,3,3.1,68,5.5,4,5,4,22,8,69,0,1,0,0,24,44,201,2,39,133,1,3.4,83,4.0,4,7,4,24,9,94,0,0,42.95348184781443
W (27-19),1,12,20,167,1,37,176,3,4.8,57,6.0,0,8,0,15,6,37,0,1,1,3,16,37,209,0,33,140,1,4.2,70,5.0,2,9,2,22,5,45,0,3,87.71018051860457
W (42-21),0,20,29,304,3,49,225,3,4.6,78,6.8,0,13,0,26,4,35,0,0,0,1,19,33,189,1,23,81,2,3.5,56,4.8,0,5,0,16,1,10,0,1,95.320756316511
W (24-14),1,21,34,275,3,38,123,0,3.2,72,5.5,2,7,2,23,8,65,1,0,0,3,24,40,258,0,25,154,2,6.2,65,6.3,2,5,2,21,5,43,1,2,142.7177769329999
W (37-27),1,11,26,161,0,38,266,4,7.0,64,6.7,5,18,5,29,6,65,0,1,1,1,23,32,235,3,35,119,0,3.4,67,5.3,3,5,3,22,10,109,0,1,6.8954016843513894
L (17-21),3,23,41,279,1,30,100,1,3.3,71,5.3,2,8,2,21,10,75,2,1,1,0,11,22,163,2,38,134,1,3.5,60,5.0,3,8,3,17,7,63,0,0,18.977019914070492
L (10-34),3,21,31,240,1,19,38,0,2.0,50,5.6,0,3,0,15,7,78,2,1,1,0,24,35,235,0,37,158,3,4.3,72,5.5,5,6,5,25,11,80,0,0,30.235976006427336
L (31-63),2,21,28,365,1,37,127,3,3.4,65,7.6,2,9,2,24,10,95,2,0,1,0,28,34,562,7,42,132,1,3.1,76,9.1,4,8,4,30,9,90,0,0,47.24977608201623
L (18-28),1,26,44,222,2,25,58,0,2.3,69,4.1,3,4,3,17,3,25,0,1,0,3,13,18,134,1,44,301,3,6.8,62,7.0,0,14,0,20,7,69,0,3,14.188244469402068
W (18-16),0,30,39,345,1,30,66,0,2.2,69,6.0,3,5,3,24,6,51,0,0,1,1,21,36,292,2,33,161,0,4.9,69,6.6,2,11,2,24,11,100,0,1,33.00783001048286
W (44-28),0,20,31,186,3,39,281,2,7.2,70,6.7,1,10,1,23,9,76,0,0,0,3,15,23,187,0,47,176,4,3.7,70,5.2,5,11,5,24,6,49,2,1,49.540618735427316
L (19-55),2,25,37,192,1,39,209,2,5.4,76,5.3,0,13,0,27,4,45,0,2,0,0,22,33,301,1,32,278,6,8.7,65,8.9,2,13,2,27,4,25,0,0,67.14049608023316
W (37-14),0,9,13,120,2,56,288,3,5.1,69,5.9,0,16,0,21,5,35,0,0,1,2,29,44,256,2,13,41,0,3.2,57,5.2,1,6,1,18,5,40,0,2,38.22675642555399
W (49-7),0,6,6,160,2,40,321,5,8.0,46,10.5,0,13,0,18,3,32,0,0,0,0,21,30,109,0,42,159,1,3.8,72,3.7,2,10,2,17,4,30,0,0,72.54296369774741
W (45-28),0,7,10,147,1,56,295,5,5.3,66,6.7,1,16,1,22,5,60,0,0,1,1,24,38,282,3,20,87,1,4.4,58,6.4,3,5,3,20,9,62,0,1,113.5119462648619
W (14-3),2,2,4,15,0,64,293,2,4.6,68,4.5,2,19,2,23,5,50,1,1,0,2,24,37,214,0,18,69,0,3.8,55,5.1,1,7,1,18,3,35,0,2,154.91326903488158
W (45-19),2,17,26,235,4,40,268,2,6.7,66,7.6,2,15,2,27,8,88,2,0,1,2,22,44,291,1,26,157,1,6.0,70,6.4,3,9,3,22,16,112,0,2,13.25240193108971
L (21-27),1,21,32,338,3,43,144,0,3.3,75,6.4,1,11,1,26,7,61,0,1,1,0,10,15,161,0,32,130,2,4.1,47,6.2,2,4,2,11,10,78,0,0,-14.142698518816655
L (17-21),1,17,29,176,1,35,110,0,3.1,64,4.5,1,9,1,17,6,63,1,0,0,2,21,43,272,0,32,81,2,2.5,75,4.7,2,9,2,20,2,24,2,0,-32.12996780686159
L (7-17),1,20,29,239,1,29,88,0,3.0,58,5.6,0,4,0,14,6,47,1,0,1,0,9,23,143,2,38,84,0,2.2,61,3.7,3,4,3,12,3,21,0,0,-30.828351442248753
L (34-37),0,30,40,285,3,37,146,1,3.9,77,5.6,3,9,3,27,5,55,0,0,0,1,15,21,192,2,33,335,3,10.2,54,9.8,2,10,2,19,3,35,1,0,-7.835543315420497
L (42-45),3,22,35,329,4,30,68,1,2.3,65,6.1,5,4,5,23,6,45,1,2,1,1,26,29,264,3,40,197,3,4.9,69,6.7,1,10,1,23,7,84,1,0,-20.99018949631642
L (14-24),0,21,29,190,1,22,78,1,3.5,51,5.3,0,7,0,16,2,10,0,0,0,0,17,31,275,1,37,145,1,3.9,68,6.2,0,9,0,21,2,10,0,0,-3.5893596706758473
L (21-27),2,23,36,280,1,23,51,0,2.2,59,5.6,1,6,1,19,3,40,0,2,1,1,16,33,219,3,29,114,0,3.9,62,5.4,2,6,2,19,5,40,0,1,7.483018986400525
W (31-3),3,18,24,248,0,38,230,3,6.1,62,7.7,2,9,2,20,6,55,3,0,1,3,2,8,25,0,56,193,0,3.4,64,3.4,1,10,1,12,5,48,2,1,5.491584198028704
L (28-34),2,27,48,324,3,28,63,1,2.3,76,5.1,1,4,1,21,6,45,0,2,1,2,18,33,218,3,36,149,1,4.1,69,5.3,1,7,1,20,4,50,0,2,-12.502579351110768
W (59-35),0,21,32,274,5,33,255,3,7.7,65,8.1,0,10,0,23,8,90,0,0,0,2,34,50,306,4,35,149,1,4.3,85,5.4,3,10,3,29,5,40,1,1,4.791229197838817
W (37-34),0,19,34,242,0,44,257,5,5.8,78,6.4,2,15,2,31,8,75,0,0,1,0,26,35,339,3,32,105,1,3.3,67,6.6,3,7,3,25,6,55,0,0,49.35228679994454
L (34-37),0,17,40,148,1,33,221,3,6.7,73,5.1,1,9,1,19,6,50,0,0,0,2,18,21,243,2,36,109,1,3.0,57,6.2,2,7,2,16,9,74,2,0,11.37054314961275
W (62-30),1,26,32,303,3,42,296,4,7.0,74,8.1,1,10,1,27,4,37,0,1,1,1,27,41,372,3,34,135,1,4.0,75,6.8,1,8,1,21,7,42,1,0,57.43267283089111
W (29-24),0,18,33,209,1,40,185,2,4.6,73,5.4,2,10,2,21,5,35,0,0,0,1,12,22,179,2,36,188,1,5.2,58,6.3,0,9,0,16,7,64,0,1,97.40813196034094
W (28-21),2,9,20,119,1,47,274,3,5.8,67,5.9,2,13,2,21,4,35,1,1,1,2,18,27,232,2,30,87,1,2.9,57,5.6,1,4,1,13,5,55,2,0,133.53140948800558
L (21-27),2,16,28,249,3,26,49,0,1.9,54,5.5,2,4,2,16,5,28,0,2,0,0,21,30,264,1,43,176,1,4.1,73,6.0,1,9,1,22,8,91,0,0,13.377602639033165
W (21-20),2,19,32,168,1,35,111,2,3.2,67,4.2,1,7,1,19,3,23,1,1,1,3,25,39,232,2,39,123,0,3.2,78,4.6,1,9,1,20,5,52,1,2,60.20224527132509
L (21-42),3,17,26,205,2,48,167,1,3.5,74,5.0,4,11,4,22,6,53,3,0,0,3,14,18,164,1,40,368,5,9.2,58,9.2,2,12,2,22,9,88,2,1,44.24738419741581
W (37-31),1,7,13,65,2,51,313,3,6.1,64,5.9,4,14,4,22,4,45,0,1,1,1,31,48,392,2,25,39,2,1.6,73,5.9,2,5,2,26,10,91,1,0,62.77653594071987
L (20-26),1,20,37,250,1,23,89,1,3.9,60,5.7,1,7,1,17,4,39,0,1,0,1,16,29,173,2,43,235,0,5.5,72,5.7,1,11,1,21,6,43,1,0,-16.585364908356517
W (27-20),1,24,30,268,0,36,117,3,3.3,66,5.8,0,9,0,20,5,35,1,0,0,0,21,32,206,0,22,115,1,5.2,54,5.9,1,5,1,15,2,8,0,0,-8.779064743985131
W (27-6),0,23,27,313,2,47,121,1,2.6,74,5.9,2,8,2,25,4,25,0,0,1,3,7,29,78,0,25,126,0,5.0,54,3.8,0,7,0,11,3,25,0,3,-3.9275494916920515
W (23-13),0,19,30,207,1,35,181,1,5.2,65,6.0,2,8,2,19,12,88,0,0,0,1,6,14,63,0,38,161,2,4.2,52,4.3,4,6,4,13,7,75,1,0,36.68713236399299
W (34-14),1,25,39,318,3,28,140,0,5.0,67,6.8,1,6,1,23,9,80,0,1,0,1,14,31,140,0,33,77,2,2.3,64,3.4,2,4,2,12,4,48,0,1,33.80904326569976
W (34-28),2,18,33,218,3,36,149,1,4.1,69,5.3,1,7,1,20,4,50,0,2,0,2,27,48,324,3,28,63,1,2.3,76,5.1,1,4,1,21,6,45,0,2,80.6038424613947
W (38-35),3,13,28,218,2,36,255,3,7.1,64,7.4,0,16,0,25,2,15,0,3,1,2,18,29,152,3,37,269,2,7.3,66,6.4,0,12,0,22,1,5,0,2,125.3363603655315
W (22-21),0,15,33,219,0,32,120,1,3.8,65,5.2,2,7,2,20,10,67,0,0,0,3,12,22,112,2,30,147,1,4.9,52,5.0,3,6,3,15,10,90,1,2,165.3045200670388
W (34-3),1,14,22,185,1,38,129,2,3.4,60,5.2,2,7,2,15,4,21,1,0,1,1,14,29,121,0,37,72,0,1.9,66,2.9,0,5,0,11,6,45,0,1,13.255555955559652
L (3-47),1,16,36,123,0,27,75,0,2.8,63,3.1,1,4,1,12,8,76,0,1,0,0,19,33,280,3,46,257,2,5.6,79,6.8,4,12,4,28,6,55,0,0,34.029401884150985
L (41-48),1,22,34,309,2,34,242,3,7.1,68,8.1,0,11,0,23,5,66,1,0,1,1,20,31,280,3,40,209,3,5.2,71,6.9,3,9,3,27,3,25,1,0,49.38354892287285
W (41-30),0,17,29,210,2,44,180,3,4.1,73,5.3,1,8,1,19,2,20,0,0,0,4,23,43,378,4,27,74,0,2.7,70,6.5,1,4,1,23,6,30,3,1,67.06672715704522
W (31-10),1,21,29,198,2,42,275,2,6.5,71,6.7,2,11,2,21,12,113,0,1,1,2,14,30,166,1,35,110,0,3.1,65,4.2,2,7,2,16,15,120,0,2,37.400988251588686
L (38-39),1,12,24,297,2,25,73,2,2.9,49,7.6,2,3,2,13,6,43,0,1,1,1,35,53,437,2,33,138,3,4.2,86,6.7,2,8,2,30,9,110,0,1,18.41182794278298
L (23-24),1,30,43,282,0,29,117,2,4.0,72,5.5,2,6,2,23,7,32,1,0,1,2,26,37,334,2,30,29,1,1.0,67,5.4,1,1,1,15,4,47,2,0,-5.595957907647339
W (46-36),1,40,56,385,2,31,115,2,3.7,87,5.7,1,8,1,31,7,83,0,1,0,4,19,36,274,2,39,112,3,2.9,75,5.1,5,8,5,26,2,15,1,3,27.351945978214268
L (9-30),1,15,29,167,0,33,142,0,4.3,62,5.0,3,8,3,19,6,49,0,1,0,0,19,29,242,2,29,137,1,4.7,58,6.5,1,8,1,20,10,81,0,0,-19.993946035489834
W (22-21),2,25,46,298,1,42,154,1,3.7,88,5.1,2,10,2,26,5,37,1,1,1,0,14,23,246,2,45,118,1,2.6,68,5.4,4,6,4,21,4,36,0,0,22.900702336779354
L (34-38),2,5,12,98,1,45,277,2,6.2,57,6.6,4,13,4,20,5,48,2,0,0,2,17,38,300,3,42,150,1,3.6,80,5.6,1,10,1,23,4,42,1,1,9.227388468419305
L (13-23),1,6,14,63,0,38,161,2,4.2,52,4.3,4,6,4,13,7,75,1,0,1,0,19,30,207,1,35,181,1,5.2,65,6.0,2,8,2,19,12,88,0,0,-1.149328557837193
L (20-38),0,17,31,309,2,25,49,0,2.0,56,6.4,2,2,2,13,8,72,0,0,0,1,17,26,221,2,45,269,3,6.0,71,6.9,4,15,4,28,8,67,0,1,-14.833721636592799
W (21-20),1,18,36,237,2,29,67,1,2.3,65,4.7,2,8,2,17,6,66,0,1,0,0,22,40,254,2,31,209,0,6.7,71,6.5,3,9,3,23,6,44,0,0,5.811103166146612
L (17-51),5,8,22,163,2,48,187,0,3.9,70,5.0,3,12,3,22,8,67,1,4,0,0,7,13,117,3,42,171,2,4.1,55,5.2,1,12,1,18,7,69,0,0,13.427234484638515
L (3-34),1,7,22,69,0,22,120,0,5.5,44,4.3,2,5,2,12,7,55,0,1,1,0,21,29,214,0,49,217,3,4.4,78,5.5,2,14,2,29,9,61,0,0,0.5864889383161698
W (27-16),1,21,34,186,1,34,215,2,6.3,68,5.9,0,8,0,20,5,35,1,0,0,2,25,39,356,2,21,24,0,1.1,60,6.3,1,0,1,15,2,10,1,1,14.731915626927869
L (41-44),2,31,45,426,4,33,129,1,3.9,78,7.1,2,6,2,29,2,10,1,1,0,1,19,29,251,2,36,231,2,6.4,65,7.4,0,10,0,21,5,37,1,0,22.377166724795803
W (24-14),1,23,31,206,0,38,191,3,5.0,69,5.8,1,10,1,23,4,55,0,1,1,1,12,23,155,0,40,191,2,4.8,63,5.5,2,9,2,18,2,20,1,0,66.7597196472272
L (24-31),3,25,36,279,1,43,157,2,3.7,79,5.5,1,11,1,24,5,45,2,1,1,1,9,15,156,1,28,92,1,3.3,43,5.8,1,4,1,10,3,15,0,1,44.236238223639845
W (66-20),1,32,39,460,5,34,252,4,7.4,73,9.8,1,11,1,28,8,85,1,0,1,3,18,43,214,1,27,149,1,5.5,70,5.2,4,9,4,24,7,73,1,2,9.905086632215458
W (40-14),1,15,31,255,4,30,150,1,5.0,61,6.6,3,7,3,18,3,35,0,1,1,3,13,27,125,2,44,236,0,5.4,71,5.1,2,12,2,20,5,58,0,3,53.235862281750656
W (49-14),0,33,44,343,4,41,223,3,5.4,85,6.7,1,15,1,37,5,42,0,0,0,2,14,29,146,2,28,87,0,3.1,57,4.1,4,7,4,16,5,50,0,2,83.0075376823546
L (21-33),0,33,56,228,1,45,222,2,4.9,101,4.5,0,16,0,31,5,39,0,0,1,0,17,32,156,0,27,210,3,7.8,59,6.2,3,9,3,19,6,35,0,0,90.15853578815897
W (24-20),1,27,43,288,2,27,58,1,2.1,70,4.9,3,4,3,21,6,57,1,0,0,2,34,54,350,1,33,88,1,2.7,87,5.0,4,7,4,27,13,100,1,1,131.1928549838584
W (28-20),0,15,21,103,1,42,184,2,4.4,63,4.6,0,10,0,19,4,25,0,0,0,2,17,25,185,2,36,129,0,3.6,61,5.1,0,7,0,15,2,15,1,1,41.40698023469862
W (45-37),1,19,26,367,3,39,148,2,3.8,65,7.9,2,5,2,18,15,145,1,0,1,3,22,40,262,3,37,200,2,5.4,77,6.0,3,12,3,25,6,60,2,1,57.352269197647125
L (24-34),0,19,35,192,2,27,208,1,7.7,62,6.5,3,9,3,19,7,81,0,0,1,0,27,36,373,3,39,143,1,3.7,75,6.9,2,9,2,26,10,75,0,0,45.56985956646486
W (38-24),0,14,18,150,1,41,203,4,5.0,59,6.0,1,11,1,19,8,90,0,0,1,3,17,31,226,1,40,150,2,3.8,71,5.3,4,10,4,23,3,11,1,2,63.1680540613127
W (28-9),1,36,49,310,4,19,109,0,5.7,68,6.2,4,4,4,23,12,115,1,0,0,4,22,39,209,0,31,131,1,4.2,70,4.9,4,4,4,17,10,94,2,2,9.992794522439063
W (48-21),1,28,35,290,3,29,128,2,4.4,64,6.5,3,10,3,26,10,75,0,1,0,4,20,35,284,2,44,177,1,4.0,79,5.8,2,12,2,24,7,80,2,2,52.250456250757864
W (34-7),3,23,34,250,2,39,148,2,3.8,73,5.5,3,6,3,21,6,70,1,2,0,3,16,26,138,1,34,107,0,3.1,60,4.1,3,7,3,16,9,91,2,1,60.10758103899728
W (41-27),0,30,43,291,3,27,60,1,2.2,70,5.0,4,3,4,22,14,106,0,0,0,3,24,41,275,2,46,113,1,2.5,87,4.5,4,8,4,25,9,80,2,1,102.41296402878538
L (9-28),4,22,39,209,0,31,131,1,4.2,70,4.9,4,4,4,17,10,94,2,2,1,1,36,49,310,4,19,109,0,5.7,68,6.2,4,4,4,23,12,115,1,0,-11.35044475900769
L (31-39),1,20,30,263,2,39,176,2,4.5,69,6.4,2,11,2,22,13,82,1,0,0,2,16,28,147,0,47,251,5,5.3,75,5.3,4,13,4,26,8,45,1,1,0.08205284637709731
W (21-13),2,12,22,201,2,36,205,1,5.7,58,7.0,0,8,0,15,4,43,2,0,0,3,10,26,175,1,54,173,1,3.2,80,4.4,1,10,1,19,0,0,1,2,44.60210855376588
W (38-21),0,9,16,157,0,36,170,3,4.7,52,6.3,1,8,1,15,4,40,0,0,0,2,20,28,252,1,38,189,2,5.0,66,6.7,1,10,1,22,6,37,2,0,95.01765298925703
L (21-26),2,15,31,135,1,37,179,1,4.8,68,4.6,1,7,1,17,6,50,1,1,0,1,28,43,267,3,39,142,0,3.6,82,5.0,3,5,3,22,3,30,0,1,-10.885792748784798
W (47-3),0,19,33,280,3,46,257,2,5.6,79,6.8,4,12,4,28,6,55,0,0,1,1,16,36,123,0,27,75,0,2.8,63,3.1,1,4,1,12,8,76,0,1,19.030166110720653
L (20-23),1,26,43,264,2,25,40,0,1.6,68,4.5,1,3,1,18,4,35,0,1,1,1,21,36,274,0,43,117,2,2.7,79,4.9,2,10,2,24,4,45,0,1,28.536715373613156
W (34-27),1,10,16,75,1,43,271,3,6.3,59,5.9,2,13,2,19,7,68,1,0,1,2,30,43,265,1,28,109,2,3.9,71,5.3,3,7,3,21,9,95,0,2,69.4351631646033
W (26-21),1,28,43,267,3,39,142,0,3.6,82,5.0,3,5,3,22,3,30,0,1,1,2,15,31,135,1,37,179,1,4.8,68,4.6,1,7,1,17,6,50,1,1,38.78481893343255
W (21-20),1,15,34,209,1,41,185,2,4.5,75,5.3,2,10,2,20,8,65,1,0,1,1,21,39,251,2,40,156,0,3.9,79,5.2,3,7,3,20,10,84,0,1,82.01213589092407
W (23-16),0,12,24,70,0,35,110,1,3.1,59,3.1,2,5,2,10,5,44,0,0,1,4,12,26,129,0,40,162,0,4.1,66,4.4,1,8,1,16,9,65,2,2,97.64892928763412
L (31-53),4,25,41,325,3,27,80,1,3.0,68,6.0,5,2,5,23,6,60,1,3,0,2,25,41,400,5,31,126,2,4.1,72,7.3,2,9,2,26,5,52,1,1,83.24757900633163
L (19-21),2,18,28,226,1,30,98,0,3.3,58,5.6,3,6,3,16,6,42,1,1,1,3,32,47,424,2,36,81,0,2.3,83,6.1,0,6,0,25,5,61,1,2,11.717520096638438
W (30-20),2,17,35,294,2,36,47,1,1.3,71,4.8,4,4,4,18,5,46,0,2,1,3,25,51,286,1,38,170,1,4.5,89,5.1,3,5,3,18,12,79,1,2,28.182516211095088
L (28-45),1,24,38,282,3,20,87,1,4.4,58,6.4,3,5,3,20,9,62,0,1,0,0,7,10,147,1,56,295,5,5.3,66,6.7,1,16,1,22,5,60,0,0,14.537325339371206
W (49-14),0,17,22,343,5,34,238,2,7.0,56,10.4,0,12,0,23,3,15,0,0,1,2,25,43,262,2,32,137,0,4.3,75,5.3,0,8,0,20,4,25,0,2,55.28887011031776
L (9-30),1,16,27,129,0,37,75,0,2.0,64,3.2,4,9,4,17,4,42,1,0,0,1,24,29,316,4,28,185,0,6.6,57,8.8,2,7,2,23,8,100,1,0,16.00739315687732
W (52-33),0,26,33,213,1,50,273,6,5.5,83,5.9,4,14,4,30,6,67,0,0,0,4,15,28,345,3,34,77,2,2.3,62,6.8,4,5,4,19,12,101,3,1,60.77131924248731
W (38-34),2,17,38,300,3,42,150,1,3.6,80,5.6,1,10,1,23,4,42,1,1,1,2,5,12,98,1,45,277,2,6.2,57,6.6,4,13,4,20,5,48,2,0,73.71618103503828
L (28-29),1,24,46,265,2,42,168,1,4.0,88,4.9,3,7,3,24,3,25,0,1,1,2,18,34,251,3,32,167,1,5.2,66,6.3,0,7,0,16,8,71,1,1,52.232576498084995
L (20-33),3,18,29,249,2,25,52,1,2.1,54,5.6,3,5,3,19,7,65,0,3,1,0,11,17,178,2,55,310,1,5.6,72,6.8,3,18,3,27,13,110,0,0,-10.390413220566618
W (24-13),0,23,28,229,1,32,130,2,4.1,60,6.0,2,6,2,19,8,64,0,0,1,1,12,22,165,0,40,108,1,2.7,62,4.4,2,11,2,20,6,39,0,1,32.01520857397826
W (48-20),1,8,15,279,0,43,197,5,4.6,58,8.2,1,7,1,15,4,40,0,1,1,3,12,32,165,1,36,144,1,4.0,68,4.5,1,8,1,17,3,30,0,3,38.44690949696066
L (17-49),3,12,25,132,0,41,197,2,4.8,66,5.0,2,11,2,20,4,35,1,2,0,1,22,33,352,5,31,210,2,6.8,64,8.8,0,9,0,23,7,70,1,0,28.655240543291224
L (7-24),1,25,37,193,1,17,42,0,2.5,54,4.4,1,4,1,16,4,17,0,1,1,1,1,4,44,1,58,405,2,7.0,62,7.2,1,19,1,21,6,44,1,0,-16.181991294319516
L (14-48),1,9,16,87,0,26,163,2,6.3,42,6.0,2,3,2,9,12,93,0,1,0,1,10,15,121,2,66,421,4,6.4,81,6.7,5,23,5,32,6,69,1,0,1.8023403529128412
L (24-38),2,10,21,103,0,33,100,2,3.0,54,3.8,2,3,2,10,3,26,1,1,0,3,26,45,340,2,44,145,2,3.3,89,5.4,1,8,1,26,5,62,1,2,-12.033911110037966
L (14-49),2,25,43,262,2,32,137,0,4.3,75,5.3,0,8,0,20,4,25,0,2,0,0,17,22,343,5,34,238,2,7.0,56,10.4,0,12,0,23,3,15,0,0,-24.246708877655827
W (52-16),0,10,18,124,2,33,185,4,5.6,51,6.1,1,8,1,15,4,55,0,0,1,6,23,44,190,2,40,179,0,4.5,84,4.4,1,11,1,22,10,70,1,5,17.49455113696165
W (17-10),1,18,32,217,1,36,87,1,2.4,68,4.5,4,6,4,21,4,25,1,0,1,1,26,37,218,0,29,79,1,2.7,66,4.5,0,6,0,16,8,80,1,0,29.42029350788477
L (21-30),4,17,28,202,2,33,85,1,2.6,61,4.7,1,3,1,14,7,49,0,4,0,2,14,23,161,1,46,211,2,4.6,69,5.4,2,13,2,20,3,35,1,1,12.226061217954136
W (34-13),0,18,27,338,4,35,100,0,2.9,62,7.1,1,7,1,18,4,34,0,0,1,2,7,19,30,0,43,216,1,5.0,62,4.0,2,12,2,15,2,25,0,2,16.232970637451373
L (13-28),1,21,42,272,1,16,21,0,1.3,58,5.1,0,3,0,13,7,50,0,1,1,0,10,16,106,2,52,263,2,5.1,68,5.4,0,12,0,18,1,15,0,0,-19.132414558349772
W (14-9),1,16,27,177,1,41,107,1,2.6,68,4.2,1,7,1,17,7,72,0,1,1,1,22,37,303,0,37,107,0,2.9,74,5.5,1,9,1,23,10,55,0,1,-3.911267364902475
L (13-29),1,23,41,228,2,23,22,0,1.0,64,3.9,2,3,2,14,7,75,0,1,1,0,19,34,235,2,40,265,0,6.6,74,6.8,4,13,4,28,3,30,0,0,-15.67050150155615
L (14-36),0,11,32,115,1,28,133,1,4.8,60,4.1,2,6,2,14,8,65,0,0,0,0,23,36,215,1,40,230,3,5.8,76,5.9,5,16,5,31,7,85,0,0,-35.9260334267974
L (3-52),2,10,26,88,0,43,120,0,2.8,69,3.0,1,7,1,14,6,56,0,2,0,0,17,30,252,2,32,201,4,6.3,62,7.3,4,6,4,22,3,30,0,0,-45.883154439058785
W (48-0),0,14,25,244,2,43,281,4,6.5,68,7.7,2,9,2,20,7,80,0,0,1,3,11,29,61,0,32,77,0,2.4,61,2.3,2,5,2,10,8,90,0,3,0.0368137407429181
L (14-59),4,28,45,316,1,31,30,1,1.0,76,4.6,4,4,4,24,7,78,0,4,0,0,14,17,198,3,39,252,3,6.5,56,8.0,4,11,4,25,8,67,0,0,17.507016104730138
W (24-21),1,13,20,190,0,38,126,3,3.3,58,5.4,0,7,0,16,6,46,0,1,0,0,16,25,211,1,39,84,2,2.2,64,4.6,3,7,3,16,6,36,0,0,26.268618562625043
L (20-21),0,25,31,157,1,21,19,1,0.9,52,3.4,2,4,2,14,4,60,0,0,1,2,29,53,244,3,36,102,0,2.8,89,3.9,4,9,4,24,6,50,1,1,40.242081253044965
W (13-12),0,15,24,160,0,30,102,1,3.4,54,4.9,0,5,0,12,9,85,0,0,0,1,14,28,114,0,45,170,0,3.8,73,3.9,4,12,4,23,4,23,1,0,35.36855513465672
W (31-13),0,23,29,240,2,37,141,2,3.8,66,5.8,2,9,2,21,7,85,0,0,1,0,16,27,200,0,31,137,1,4.4,58,5.8,2,6,2,18,5,25,0,0,48.25021847858113
W (30-15),3,23,41,175,0,30,108,3,3.6,71,4.0,1,4,1,14,7,78,0,3,0,4,28,49,230,2,27,29,0,1.1,76,3.4,6,4,6,19,8,41,3,1,85.77860350190048
L (10-28),3,20,31,186,0,33,59,1,1.8,64,3.8,2,7,2,16,4,20,2,1,0,1,18,28,263,1,36,133,1,3.7,64,6.2,0,6,0,19,3,30,0,1,93.7481510592187
W (20-17),0,23,37,243,2,19,42,0,2.2,56,5.1,4,5,4,20,10,100,0,0,0,1,23,35,271,1,42,227,1,5.4,77,6.5,4,12,4,26,14,134,1,0,21.94494526206694
W (38-21),2,24,39,237,1,48,261,4,5.4,87,5.7,2,14,2,30,2,15,2,0,0,3,23,45,356,2,15,29,1,1.9,60,6.4,0,1,0,15,4,45,0,3,39.914721661421034
W (28-14),4,24,33,215,3,40,190,1,4.8,73,5.5,3,9,3,24,5,30,1,3,1,0,22,41,186,1,32,67,0,2.1,73,3.5,0,7,0,16,10,66,0,0,79.05759627349471
W (34-30),0,25,33,231,3,36,106,2,2.9,69,4.9,2,10,2,20,5,41,0,0,0,2,23,32,274,1,36,184,2,5.1,68,6.7,1,10,1,25,13,99,1,1,98.10843474172584
W (36-32),1,26,41,269,3,34,157,1,4.6,75,5.7,3,6,3,25,6,56,0,1,1,1,18,33,270,2,34,110,2,3.2,67,5.7,3,8,3,23,9,85,1,0,15.338173681547959
L (14-21),2,28,46,260,2,28,57,0,2.0,74,4.3,2,4,2,19,4,40,1,1,1,1,14,23,141,1,45,202,2,4.5,68,5.0,1,9,1,18,7,60,0,1,-2.466055952904039
L (26-33),0,16,22,192,1,34,194,2,5.7,56,6.9,2,12,2,20,6,65,0,0,0,1,18,27,299,3,38,180,1,4.7,65,7.4,2,10,2,25,5,55,1,0,-17.837558058534217
L (7-38),1,24,37,213,1,27,46,0,1.7,64,4.0,2,6,2,16,4,42,1,0,0,0,20,31,241,3,37,211,2,5.7,68,6.6,1,9,1,21,6,55,0,0,-35.237262436011974
W (35-12),1,25,30,274,2,34,225,3,6.6,64,7.8,1,8,1,22,8,72,0,1,1,1,19,34,210,1,29,150,0,5.2,63,5.7,1,9,1,19,4,40,1,0,40.31714877214141
L (19-31),1,21,32,312,0,37,98,2,2.6,69,5.9,1,6,1,18,6,44,1,0,0,0,13,19,269,2,27,57,0,2.1,46,7.1,3,4,3,14,7,69,0,0,21.494977279236068
W (41-34),0,12,23,134,0,48,371,5,7.7,71,7.1,0,18,0,25,7,59,0,0,0,2,18,34,216,1,34,201,2,5.9,68,6.1,3,10,3,21,3,25,2,0,63.20430577764187
L (6-21),2,21,48,260,0,33,96,0,2.9,81,4.4,0,4,0,17,4,23,0,2,0,0,17,28,134,2,33,99,1,3.0,61,3.8,0,6,0,11,3,22,0,0,39.17749506083397
L (13-31),1,21,42,252,1,21,56,0,2.7,63,4.9,2,3,2,15,14,122,0,1,0,2,15,23,165,3,47,257,1,5.5,70,6.0,1,14,1,22,4,45,1,1,-17.575398158364973
L (7-28),0,21,36,264,1,24,15,0,0.6,60,4.7,3,3,3,17,11,95,0,0,1,0,17,25,217,2,42,233,1,5.5,67,6.7,3,10,3,23,7,62,0,0,-36.20507563038953
W (34-13),1,14,25,153,0,42,242,4,5.8,67,5.9,6,11,6,26,6,54,0,1,1,2,26,39,286,2,29,94,0,3.2,68,5.6,2,9,2,21,12,105,1,1,-20.351820638756692
L (27-29),1,14,35,282,3,31,92,0,3.0,66,5.7,2,7,2,16,5,50,0,1,1,0,13,28,175,1,48,290,2,6.0,76,6.1,2,13,2,22,4,40,0,0,-12.452200004008414
L (12-16),2,24,28,260,1,35,58,0,1.7,63,5.0,3,5,3,18,8,70,1,1,0,1,19,32,174,2,29,75,0,2.6,61,4.1,1,4,1,15,5,67,0,1,-23.75213194006316
L (0-34),3,13,21,92,0,33,148,0,4.5,54,4.4,1,8,1,12,7,68,2,1,0,0,15,19,213,2,38,149,2,3.9,57,6.4,5,7,5,22,5,35,0,0,-16.090690948405772
W (30-19),0,17,20,154,1,44,207,2,4.7,64,5.6,1,10,1,19,5,50,0,0,0,4,23,37,233,2,22,66,1,3.0,59,5.1,3,5,3,20,3,39,2,2,-2.243559401509522
W (17-14),1,6,13,61,2,50,228,0,4.6,63,4.6,2,12,2,16,3,30,0,1,1,2,20,37,216,1,26,90,1,3.5,63,4.9,0,6,0,12,7,54,1,1,13.30056139698684
L (3-27),3,16,28,191,0,34,135,0,4.0,62,5.3,2,4,2,14,4,39,2,1,0,1,20,35,224,2,36,113,1,3.1,71,4.7,0,10,0,20,2,30,0,1,26.431318166286985
W (30-9),0,19,29,242,2,29,137,1,4.7,58,6.5,1,8,1,20,10,81,0,0,1,1,15,29,167,0,33,142,0,4.3,62,5.0,3,8,3,19,6,49,0,1,41.81098731251821
L (7-21),2,16,25,185,1,32,34,0,1.1,57,3.8,3,5,3,17,9,60,1,1,0,0,15,21,135,0,44,239,3,5.4,65,5.8,2,14,2,24,6,63,0,0,55.43790027193572
W (21-7),0,9,19,80,1,38,187,1,4.9,57,4.7,4,10,4,18,6,50,0,0,1,3,20,32,208,0,38,114,1,3.0,70,4.6,2,10,2,20,6,61,2,1,102.16018886279554
L (17-25),2,20,33,226,1,29,126,1,4.3,62,5.7,1,8,1,20,2,13,2,0,1,0,22,37,213,1,32,148,1,4.6,69,5.2,1,7,1,21,7,45,0,0,87.40346390815758
W (42-13),0,25,33,307,4,29,123,2,4.2,62,6.9,4,5,4,25,14,127,0,0,0,2,15,24,142,0,26,96,1,3.7,50,4.8,5,6,5,16,7,74,1,1,31.43482441447723
W (42-28),4,22,33,359,3,42,151,3,3.6,75,6.8,1,10,1,28,4,38,2,2,1,0,26,41,289,3,30,112,1,3.7,71,5.6,2,5,2,19,10,93,0,0,67.4563497374642
W (56-7),1,24,30,280,3,33,215,5,6.5,63,7.9,3,9,3,24,4,46,0,1,1,5,28,46,234,0,29,70,1,2.4,75,4.1,2,8,2,20,6,47,2,3,102.93287737140648
W (47-10),0,19,29,263,4,32,122,2,3.8,61,6.3,1,6,1,20,4,35,0,0,0,2,20,32,229,1,32,-36,0,-1.1,64,3.0,1,4,1,15,4,25,0,2,140.26673905307325
W (38-21),0,20,24,178,1,45,284,3,6.3,69,6.7,2,16,2,25,0,0,0,0,1,1,16,26,229,2,21,24,0,1.1,47,5.4,0,4,0,10,6,39,0,1,8.816477634148708
L (7-35),3,15,21,110,0,27,116,1,4.3,48,4.7,0,3,0,10,1,5,2,1,0,2,21,25,209,4,40,203,1,5.1,65,6.3,0,13,0,21,1,10,1,1,23.636603011216454
L (20-32),1,11,23,150,1,23,133,2,5.8,46,6.2,1,3,1,12,3,30,0,1,0,1,22,30,256,1,40,212,1,5.3,70,6.7,2,13,2,27,7,55,0,1,41.8915355977181
W (42-10),0,7,10,93,1,54,329,5,6.1,64,6.6,2,18,2,23,7,47,0,0,1,2,15,29,137,1,28,124,0,4.4,57,4.6,2,8,2,16,8,55,0,2,76.53894525327081
W (52-7),2,16,25,253,2,48,237,5,4.9,73,6.7,1,14,1,25,2,15,0,2,1,4,9,23,118,1,35,64,0,1.8,58,3.1,0,4,0,12,5,50,2,2,33.125349693582436
W (43-21),1,16,25,277,2,45,265,2,5.9,70,7.7,5,10,5,27,4,55,0,1,1,1,25,44,258,3,20,79,0,4.0,64,5.3,3,5,3,21,6,74,0,1,69.55448887909313
W (38-35),2,20,47,274,1,49,256,4,5.2,96,5.5,2,14,2,28,2,10,0,2,1,2,8,20,62,0,39,354,4,9.1,59,7.1,0,10,0,14,7,44,0,2,111.887603603524
L (36-45),1,24,38,383,3,24,78,1,3.3,62,7.4,1,5,1,23,6,37,0,1,0,0,12,24,295,2,46,237,3,5.2,70,7.6,1,14,1,25,4,35,0,0,93.0878811394911
L (20-23),2,12,24,153,0,35,199,2,5.7,59,6.0,0,8,0,17,9,90,0,2,1,0,7,18,86,1,47,181,1,3.9,65,4.1,3,11,3,17,3,25,0,0,-24.266319222190383
L (27-38),1,15,34,179,1,34,167,2,4.9,68,5.1,3,11,3,20,6,50,0,1,1,3,28,37,356,3,35,151,1,4.3,72,7.0,0,11,0,26,5,52,1,2,-38.14606649200158
W (42-14),0,16,21,247,3,33,220,3,6.7,54,8.6,1,12,1,21,6,59,0,0,1,4,21,33,237,2,32,98,0,3.1,65,5.2,2,8,2,20,4,43,0,4,-25.80747986141739
W (45-36),0,12,24,295,2,46,237,3,5.2,70,7.6,1,14,1,25,4,35,0,0,1,1,24,38,383,3,24,78,1,3.3,62,7.4,1,5,1,23,6,37,0,1,-10.262645884655761
W (31-7),0,14,23,156,2,41,235,1,5.7,64,6.1,2,15,2,21,3,20,0,0,1,1,26,42,268,0,19,56,1,2.9,61,5.3,0,5,0,16,9,74,0,1,46.35703319843303
W (42-20),1,19,31,259,3,34,300,3,8.8,65,8.6,1,10,1,23,6,49,0,1,1,3,26,50,364,1,30,126,1,4.2,80,6.1,3,7,3,25,2,20,1,2,56.15418823314642
W (45-18),0,19,29,298,3,26,114,2,4.4,55,7.5,1,4,1,19,9,96,0,0,0,2,15,32,143,2,43,152,0,3.5,75,3.9,6,8,6,20,5,39,0,2,95.53060102054505
L (19-24),2,23,41,238,1,34,89,1,2.6,75,4.4,2,7,2,21,5,40,0,2,0,1,12,12,111,1,40,121,2,3.0,52,4.5,2,4,2,10,2,21,1,0,103.10461456642224
L (0-71),0,9,16,58,0,32,54,0,1.7,48,2.3,1,5,1,8,2,7,0,0,0,0,16,25,284,3,55,456,6,8.3,80,9.3,0,20,0,32,5,54,0,0,-4.980420154337085
L (33-52),4,15,28,345,3,34,77,2,2.3,62,6.8,4,5,4,19,12,101,3,1,1,0,26,33,213,1,50,273,6,5.5,83,5.9,4,14,4,30,6,67,0,0,-14.042487356330362
L (6-27),3,7,29,78,0,25,126,0,5.0,54,3.8,0,7,0,11,3,25,0,3,0,0,23,27,313,2,47,121,1,2.6,74,5.9,2,8,2,25,4,25,0,0,-30.635618320125538
L (0-41),1,8,18,62,0,34,52,0,1.5,52,2.2,0,4,0,7,1,14,0,1,1,1,15,26,149,1,44,258,2,5.9,70,5.8,1,14,1,23,4,30,1,0,-39.458547444316906
L (6-31),2,6,17,44,0,46,139,0,3.0,63,2.9,0,11,0,13,11,63,0,2,1,1,11,15,173,2,35,79,1,2.3,50,5.0,3,4,3,13,8,70,0,1,4.861114996259889
W (41-6),0,19,27,282,0,41,206,4,5.0,68,7.2,1,13,1,25,6,45,0,0,1,2,8,19,110,0,32,113,1,3.5,51,4.4,1,8,1,14,5,40,1,1,8.436851663410895
L (13-20),2,15,26,158,1,31,164,1,5.3,57,5.6,4,12,4,23,12,105,1,1,1,1,15,18,143,2,37,145,0,3.9,55,5.2,1,10,1,19,5,57,0,1,18.797200630756073
L (10-24),2,12,27,154,0,27,70,1,2.6,54,4.1,2,4,2,13,3,40,0,2,1,1,20,26,172,1,50,326,2,6.5,76,6.6,1,17,1,27,6,49,0,1,8.070359826080889
W (28-10),2,15,19,228,1,43,179,3,4.2,62,6.6,1,8,1,19,2,20,2,0,1,3,26,43,244,1,30,91,0,3.0,73,4.6,1,8,1,18,2,25,1,2,38.17716917940134
W (31-24),1,9,16,125,0,50,281,4,5.6,66,6.2,1,17,1,22,9,90,1,0,1,2,19,29,245,0,34,99,3,2.9,63,5.5,2,7,2,18,3,30,1,1,80.32727165723765
L (21-31),1,12,25,147,1,56,273,2,4.9,81,5.2,3,15,3,27,7,61,0,1,1,1,6,10,95,0,49,363,4,7.4,59,7.8,3,13,3,21,12,115,1,0,61.59602382838895
W (35-34),2,9,16,114,0,48,309,5,6.4,64,6.6,2,19,2,27,10,89,1,1,0,0,13,25,163,0,47,263,4,5.6,72,5.9,4,15,4,26,4,38,0,0,105.3156682693629
L (33-41),2,19,35,238,2,28,175,2,6.3,63,6.6,6,7,6,22,3,10,0,2,1,0,11,17,83,1,47,272,2,5.8,64,5.5,0,14,0,18,8,91,0,0,4.389802482411481
W (23-13),0,22,30,222,1,46,188,1,4.1,76,5.4,0,11,0,22,5,35,0,0,0,1,15,21,140,0,18,37,2,2.1,39,4.5,1,3,1,8,4,37,1,0,43.0640376422913
W (34-24),0,27,36,373,3,39,143,1,3.7,75,6.9,2,9,2,26,10,75,0,0,0,0,19,35,192,2,27,208,1,7.7,62,6.5,3,9,3,19,7,81,0,0,86.34264301890505
W (55-19),0,22,33,301,1,32,278,6,8.7,65,8.9,2,13,2,27,4,25,0,0,1,2,25,37,192,1,39,209,2,5.4,76,5.3,0,13,0,27,4,45,0,2,127.96623715684814
L (20-23),3,17,30,197,1,41,87,2,2.1,71,4.0,2,7,2,17,3,25,2,1,1,0,24,36,228,1,30,105,1,3.5,66,5.0,0,4,0,14,13,110,0,0,-19.87763632673391
W (48-21),1,21,28,329,6,45,222,1,4.9,73,7.5,1,13,1,27,6,82,1,0,1,2,24,39,276,2,21,60,1,2.9,60,5.6,3,4,3,17,6,38,1,1,-13.140440441314116
W (14-10),0,22,31,248,1,30,7,1,0.2,61,4.2,0,1,0,12,5,50,0,0,1,0,9,16,85,1,47,166,0,3.5,63,4.0,2,9,2,14,2,8,0,0,-3.801703971115618
L (37-44),2,16,22,266,3,48,144,2,3.0,70,5.9,2,8,2,19,5,63,1,1,1,3,14,31,200,2,58,191,4,3.3,89,4.4,4,14,4,28,3,40,2,1,-26.194340304235727
L (3-51),2,11,25,54,0,25,57,0,2.3,50,2.2,1,3,1,7,10,56,0,2,0,2,15,29,258,2,52,239,5,4.6,81,6.1,3,13,3,26,7,55,0,2,16.867261909763222
W (21-19),2,17,30,147,1,30,110,1,3.7,60,4.3,1,6,1,15,8,75,1,1,1,1,20,47,251,0,34,148,2,4.4,81,4.9,1,11,1,24,11,63,1,0,62.41189678351272
L (17-46),2,11,24,149,1,38,213,1,5.6,62,5.8,2,9,2,15,2,10,0,2,0,1,18,30,168,0,48,355,6,7.4,78,6.7,0,21,0,28,6,70,1,0,77.98073182207243
L (17-38),2,13,24,119,0,39,159,2,4.1,63,4.4,2,8,2,18,2,5,1,1,1,0,8,14,72,1,54,326,4,6.0,68,5.9,0,18,0,21,5,55,0,0,61.13730195868567
W (31-19),0,13,19,269,2,27,57,0,2.1,46,7.1,3,4,3,14,7,69,0,0,1,1,21,32,312,0,37,98,2,2.6,69,5.9,1,6,1,18,6,44,1,0,38.12032304071354
L (27-34),1,22,35,329,2,34,132,1,3.9,69,6.7,2,9,2,21,7,61,0,1,1,0,22,28,291,1,35,190,3,5.4,63,7.6,4,9,4,25,7,77,0,0,16.173414925515914
L (45-52),1,31,51,342,4,21,106,1,5.0,72,6.2,2,6,2,24,6,38,1,0,1,1,21,32,319,4,40,219,2,5.5,72,7.5,0,16,0,27,5,55,1,0,33.48353149055461
W (33-21),0,17,32,156,0,27,210,3,7.8,59,6.2,3,9,3,19,6,35,0,0,0,0,33,56,228,1,45,222,2,4.9,101,4.5,0,16,0,31,5,39,0,0,76.80818443002364
W (36-33),2,24,40,285,2,32,132,3,4.1,72,5.8,5,7,5,26,9,75,1,1,0,3,11,20,155,0,41,243,4,5.9,61,6.5,3,8,3,18,13,123,2,1,13.313249855566964
W (42-10),2,29,42,430,2,27,237,4,8.8,69,9.7,0,8,0,29,4,40,0,2,1,0,21,31,223,1,32,110,0,3.4,63,5.3,0,8,0,16,5,35,0,0,45.83838009869111
W (34-10),0,24,35,235,0,37,158,3,4.3,72,5.5,5,6,5,25,11,80,0,0,0,3,21,31,240,1,19,38,0,2.0,50,5.6,0,3,0,15,7,78,2,1,88.02115861260953
L (13-42),3,27,42,239,1,24,104,0,4.3,66,5.2,3,7,3,22,7,65,1,2,1,0,12,18,109,0,48,311,6,6.5,66,6.4,2,15,2,23,7,74,0,0,67.92648407974296
L (14-49),0,18,27,139,1,43,125,1,2.9,70,3.8,3,8,3,18,8,52,0,0,0,2,18,26,289,2,31,280,5,9.0,57,10.0,2,9,2,23,5,54,1,1,-12.846811513654597
W (52-37),0,8,14,129,3,39,236,3,6.1,53,6.9,4,13,4,21,8,85,0,0,1,2,26,44,293,2,40,180,3,4.5,84,5.6,6,10,6,32,15,158,0,2,32.93031707619586
W (35-20),1,11,20,132,1,37,295,3,8.0,57,7.5,2,12,2,21,6,37,0,1,1,0,21,36,209,2,36,218,0,6.1,72,5.9,2,7,2,23,8,59,0,0,48.49049903464602
W (37-3),2,16,25,259,1,47,267,3,5.7,72,7.3,0,11,0,21,5,40,1,1,0,4,5,18,70,0,40,113,0,2.8,58,3.2,0,6,0,8,10,79,1,3,84.93256668484092
L (24-27),1,26,34,253,2,31,86,1,2.8,65,5.2,3,6,3,21,9,80,0,1,1,3,24,38,363,3,31,121,0,3.9,69,7.0,4,9,4,26,10,100,1,2,8.580115674882045
L (28-42),0,26,41,289,3,30,112,1,3.7,71,5.6,2,5,2,19,10,93,0,0,0,4,22,33,359,3,42,151,3,3.6,75,6.8,1,10,1,28,4,38,2,2,23.36832246710492
W (29-28),2,39,51,373,2,24,56,2,2.3,75,5.7,3,5,3,25,7,60,1,1,1,1,34,50,336,3,24,81,1,3.4,74,5.6,2,6,2,25,7,75,0,1,31.759295239973493
L (18-39),3,22,45,206,1,31,81,1,2.6,76,3.8,6,3,6,19,9,75,1,2,0,0,23,34,183,3,31,180,1,5.8,65,5.6,3,9,3,19,12,95,0,0,13.722097758874916
W (20-12),1,25,39,272,2,32,65,0,2.0,71,4.7,3,5,3,19,5,35,0,1,0,3,16,31,201,0,24,37,1,1.5,55,4.3,0,3,0,11,6,43,2,1,36.19371837766927
W (24-7),1,26,41,227,0,32,186,3,5.8,73,5.7,1,9,1,22,4,33,1,0,1,2,21,31,283,0,25,29,1,1.2,56,5.6,1,4,1,13,5,46,2,0,47.4820387072038
W (52-44),0,24,38,319,1,32,207,6,6.5,70,7.5,0,8,0,21,6,74,0,0,1,2,36,64,445,3,33,208,3,6.3,97,6.7,4,9,4,32,5,33,1,1,93.4138553892445
L (36-44),2,35,52,454,4,21,62,1,3.0,73,7.1,3,4,3,27,12,86,1,1,0,0,21,38,307,4,35,101,1,2.9,73,5.6,4,4,4,19,7,65,0,0,100.3782964664371
W (53-18),0,23,34,299,4,40,227,3,5.7,74,7.1,1,16,1,31,5,40,0,0,1,4,28,44,324,1,20,28,1,1.4,64,5.5,1,2,1,16,4,30,2,2,141.8914836475801
W (62-0),0,30,40,507,6,31,243,2,7.8,71,10.6,0,9,0,31,8,85,0,0,1,1,18,32,109,0,20,6,0,0.3,52,2.2,1,2,1,9,3,15,0,1,21.28391879062919
W (38-34),3,24,38,343,4,32,165,1,5.2,70,7.3,1,9,1,24,6,59,1,2,1,1,20,34,188,2,32,206,2,6.4,66,6.0,2,11,2,23,6,40,0,1,59.25562393560205
W (52-45),1,21,32,319,4,40,219,2,5.5,72,7.5,0,16,0,27,5,55,1,0,0,1,31,51,342,4,21,106,1,5.0,72,6.2,2,6,2,24,6,38,1,0,98.8157519260059
W (53-31),2,25,41,400,5,31,126,2,4.1,72,7.3,2,9,2,26,5,52,1,1,1,4,25,41,325,3,27,80,1,3.0,68,6.0,5,2,5,23,6,60,1,3,135.76078370056763
L (16-27),2,25,39,356,2,21,24,0,1.1,60,6.3,1,0,1,15,2,10,1,1,1,1,21,34,186,1,34,215,2,6.3,68,5.9,0,8,0,20,5,35,1,0,-19.97471618189933
W (23-20),1,16,25,181,1,36,168,1,4.7,61,5.7,2,8,2,19,9,65,0,1,1,0,9,22,173,1,41,171,1,4.2,63,5.5,2,8,2,15,8,65,0,0,-4.100340079607953
W (38-14),1,10,13,222,4,31,199,1,6.4,44,9.6,1,7,1,16,7,46,1,0,0,2,27,42,211,0,41,121,2,3.0,83,4.0,2,9,2,24,5,60,1,1,6.764105876513447
W (46-7),0,15,25,241,2,39,277,2,7.1,64,8.1,2,9,2,19,7,45,0,0,1,1,7,17,62,0,36,106,1,2.9,53,3.2,1,8,1,12,6,61,0,1,40.03168539352903
W (34-7),2,10,22,202,2,40,275,2,6.9,62,7.7,0,12,0,19,4,52,2,0,1,2,10,24,93,1,39,96,0,2.5,63,3.0,3,7,3,16,3,10,1,1,75.91677858814762
L (12-31),3,22,33,204,1,23,80,0,3.5,56,5.1,0,4,0,13,4,30,1,2,1,0,24,36,246,3,32,143,1,4.5,68,5.7,0,9,0,19,7,45,0,0,11.847188670693198
W (27-24),2,7,12,32,0,46,290,3,6.3,58,5.6,0,12,0,12,3,25,2,0,1,2,28,52,283,3,21,96,0,4.6,73,5.2,0,3,0,17,6,32,1,1,55.359230862239095
L (17-27),2,13,25,113,1,37,174,1,4.7,62,4.6,1,9,1,17,5,40,1,1,0,1,23,33,315,2,35,114,1,3.3,68,6.3,1,6,1,23,2,20,0,1,71.21125251976501
W (24-17),0,14,20,146,2,31,119,1,3.8,51,5.2,1,7,1,17,0,0,0,0,1,1,17,23,189,1,42,163,1,3.9,65,5.4,0,13,0,18,6,35,1,0,82.02316893607403
L (15-20),1,16,32,137,0,34,69,1,2.0,66,3.1,3,6,3,16,3,30,1,0,0,1,17,28,206,2,28,40,0,1.4,56,4.4,1,5,1,14,5,54,0,1,65.01825305269244
W (27-24),3,24,38,363,3,31,121,0,3.9,69,7.0,4,9,4,26,10,100,1,2,0,1,26,34,253,2,31,86,1,2.8,65,5.2,3,6,3,21,9,80,0,1,38.30120529444545
L (7-38),3,16,25,199,1,25,47,0,1.9,50,4.9,0,3,0,13,2,19,2,1,1,1,26,40,298,3,35,185,2,5.3,75,6.4,1,6,1,23,4,40,0,1,20.078832131897368
W (32-20),1,22,30,256,1,40,212,1,5.3,70,6.7,2,13,2,27,7,55,0,1,1,1,11,23,150,1,23,133,2,5.8,46,6.2,1,3,1,12,3,30,0,1,32.117201626357854
L (10-47),2,20,32,229,1,32,-36,0,-1.1,64,3.0,1,4,1,15,4,25,0,2,1,0,19,29,263,4,32,122,2,3.8,61,6.3,1,6,1,20,4,35,0,0,11.702111067645715
L (21-49),1,24,31,456,3,23,58,0,2.5,54,9.5,0,3,0,21,7,57,0,1,1,0,31,37,481,6,35,150,1,4.3,72,8.8,1,11,1,30,3,25,0,0,-8.831092410520482
L (7-24),2,21,31,283,0,25,29,1,1.2,56,5.6,1,4,1,13,5,46,2,0,0,1,26,41,227,0,32,186,3,5.8,73,5.7,1,9,1,22,4,33,1,0,-26.20755531383056
W (14-5),0,19,34,199,0,36,85,1,2.4,70,4.1,1,6,1,17,10,76,0,0,1,2,10,27,103,0,34,131,0,3.9,61,3.8,0,5,0,10,7,40,0,2,-12.713709642038143
W (20-13),3,21,35,239,1,28,94,1,3.4,63,5.3,3,5,3,17,8,70,1,2,0,1,18,34,145,0,42,160,1,3.8,76,4.0,3,8,3,20,5,52,0,1,2.597549204006363
W (27-0),1,16,26,191,1,32,195,2,6.1,58,6.7,3,8,3,20,5,34,0,1,1,3,15,22,114,0,31,58,0,1.9,53,3.2,1,5,1,10,8,89,0,3,3.378827591002569
L (24-27),2,27,41,258,1,25,38,2,1.5,66,4.5,2,6,2,20,7,51,1,1,0,1,10,18,86,1,43,155,2,3.6,61,4.0,1,9,1,15,5,54,0,1,-20.04217346918551
W (21-17),0,26,37,193,2,24,41,1,1.7,61,3.8,4,3,4,19,4,21,0,0,0,3,25,36,293,1,26,36,1,1.4,62,5.3,1,2,1,18,10,105,0,3,25.463692140620235
W (25-17),0,22,37,213,1,32,148,1,4.6,69,5.2,1,7,1,21,7,45,0,0,0,2,20,33,226,1,29,126,1,4.3,62,5.7,1,8,1,20,2,13,2,0,69.58704618079827
L (17-41),2,28,40,319,2,27,66,0,2.4,67,5.7,1,6,1,21,10,104,1,1,1,1,23,28,285,3,45,169,2,3.8,73,6.2,3,9,3,26,8,50,1,0,-16.240466062795452
L (13-35),1,12,23,144,0,50,150,1,3.0,73,4.0,0,12,0,19,9,75,1,0,0,2,26,31,325,2,31,198,3,6.4,62,8.4,2,7,2,21,8,65,2,0,-28.345457931959455
L (24-34),1,22,41,242,3,36,125,0,3.5,77,4.8,3,6,3,22,8,78,0,1,1,2,15,25,217,1,37,136,3,3.7,62,5.7,2,4,2,17,7,69,0,2,-43.44545412782886
W (45-20),0,14,25,222,1,30,241,5,8.0,55,8.4,7,10,7,26,7,62,0,0,1,1,17,29,136,1,49,199,1,4.1,78,4.3,2,14,2,25,9,99,0,1,-27.638388675817147
W (27-21),0,21,30,264,1,43,176,1,4.1,73,6.0,1,9,1,22,8,91,0,0,1,2,16,28,249,3,26,49,0,1.9,54,5.5,2,4,2,16,5,28,0,2,31.209291231906747
L (10-41),0,13,31,186,1,30,68,0,2.3,61,4.2,2,5,2,13,6,35,0,0,0,0,18,22,276,0,36,236,5,6.6,58,8.8,0,8,0,20,10,79,0,0,45.955700145544554
W (21-17),2,21,43,272,0,32,81,2,2.5,75,4.7,2,9,2,20,2,24,2,0,1,1,17,29,176,1,35,110,0,3.1,64,4.5,1,9,1,17,6,63,1,0,81.33625945034765
W (30-23),1,14,27,143,3,46,135,0,2.9,73,3.8,1,10,1,19,6,55,1,0,1,4,17,26,135,1,36,122,0,3.4,62,4.1,2,8,2,15,3,25,4,0,96.68704008849315
W (56-44),0,10,14,205,2,39,361,5,9.3,53,10.7,0,13,0,21,5,31,0,0,1,1,33,57,385,2,38,274,4,7.2,95,6.9,1,13,1,32,4,35,0,1,48.092704661718386
W (34-7),0,9,15,134,0,49,329,5,6.7,64,7.2,1,14,1,21,5,45,0,0,0,1,5,9,115,1,48,158,0,3.3,57,4.8,1,9,1,14,4,35,0,1,88.4923240689902
L (14-51),6,7,14,88,0,43,222,2,5.2,57,5.4,3,10,3,17,5,40,5,1,1,0,15,25,201,2,40,265,4,6.6,65,7.2,1,11,1,20,9,80,0,0,106.04112634988132
W (28-7),1,6,11,58,1,59,321,3,5.4,70,5.4,0,16,0,18,3,25,1,0,0,3,26,44,282,1,25,60,0,2.4,69,5.0,1,2,1,17,4,25,1,2,119.98809013920278
W (28-10),0,23,30,185,1,35,149,2,4.3,65,5.1,5,10,5,22,12,105,0,0,1,2,23,40,244,1,22,16,0,0.7,62,4.2,1,3,1,15,9,104,1,1,33.18297733688004
W (28-10),0,17,27,257,1,32,161,2,5.0,59,7.1,8,6,8,26,11,94,0,0,0,1,18,25,174,1,31,50,0,1.6,56,4.0,0,4,0,12,13,165,0,1,39.551686694546746
L (7-56),5,28,46,234,0,29,70,1,2.4,75,4.1,2,8,2,20,6,47,2,3,0,1,24,30,280,3,33,215,5,6.5,63,7.9,3,9,3,24,4,46,0,1,54.16373506601878
L (20-27),2,16,34,209,1,38,113,2,3.0,72,4.5,4,10,4,21,2,15,0,2,1,0,17,25,219,2,30,139,0,4.6,55,6.5,1,5,1,17,9,62,0,0,33.7989307845812
W (28-26),0,18,21,179,2,34,214,2,6.3,55,7.1,0,8,0,16,4,45,0,0,0,0,20,30,200,1,36,191,2,5.3,66,5.9,2,11,2,23,4,40,0,0,15.327151839225948
L (0-27),3,15,22,114,0,31,58,0,1.9,53,3.2,1,5,1,10,8,89,0,3,0,1,16,26,191,1,32,195,2,6.1,58,6.7,3,8,3,20,5,34,0,1,-6.030934358709403
W (42-37),0,6,13,69,0,42,353,5,8.4,55,7.7,0,15,0,20,6,69,0,0,1,4,27,42,348,1,43,214,4,5.0,85,6.6,5,13,5,35,2,15,0,4,13.07554787232856
L (13-34),2,26,39,286,2,29,94,0,3.2,68,5.6,2,9,2,21,12,105,1,1,0,1,14,25,153,0,42,242,4,5.8,67,5.9,6,11,6,26,6,54,0,1,-7.2815865414668774
L (21-28),2,18,27,232,2,30,87,1,2.9,57,5.6,1,4,1,13,5,55,2,0,0,2,9,20,119,1,47,274,3,5.8,67,5.9,2,13,2,21,4,35,1,1,-28.247202301851285
W (23-20),0,7,18,86,1,47,181,1,3.9,65,4.1,3,11,3,17,3,25,0,0,0,2,12,24,153,0,35,199,2,5.7,59,6.0,0,8,0,17,9,90,0,2,43.66078547769749
L (41-44),1,21,25,227,3,25,127,1,5.1,50,7.1,2,6,2,20,9,108,0,1,1,1,40,63,355,3,33,137,3,4.2,96,5.1,6,9,6,34,7,56,0,1,57.941507010197455
W (33-25),1,15,27,196,1,40,188,2,4.7,67,5.7,0,11,0,21,4,34,0,1,0,1,21,37,231,0,37,137,3,3.7,74,5.0,2,7,2,21,1,10,1,0,106.1538609193542
W (29-27),0,13,28,175,1,48,290,2,6.0,76,6.1,2,13,2,22,4,40,0,0,0,1,14,35,282,3,31,92,0,3.0,66,5.7,2,7,2,16,5,50,0,1,118.97943695468894
L (19-45),2,22,44,291,1,26,157,1,6.0,70,6.4,3,9,3,22,16,112,0,2,0,2,17,26,235,4,40,268,2,6.7,66,7.6,2,15,2,27,8,88,2,0,-12.009607194857303
W (50-40),0,13,28,248,0,49,331,7,6.8,77,7.5,3,15,3,28,14,170,0,0,0,0,13,29,189,1,35,285,4,8.1,64,7.4,6,11,6,27,7,64,0,0,-2.5138593635355306
W (50-45),4,17,27,272,2,51,280,5,5.5,78,7.1,0,14,0,28,10,75,1,3,0,2,32,47,360,2,34,143,4,4.2,81,6.2,2,6,2,24,7,59,1,1,45.933065019358594
L (45-49),2,16,31,164,1,29,412,5,14.2,60,9.6,1,13,1,22,7,64,1,1,1,1,20,29,342,3,54,262,3,4.9,83,7.3,2,15,2,30,6,50,0,1,27.77426574643573
W (38-35),0,11,25,174,1,49,360,4,7.3,74,7.2,1,18,1,27,5,40,0,0,1,0,25,36,375,4,31,172,1,5.5,67,8.2,1,10,1,27,7,65,0,0,73.83952256212396
L (0-48),3,11,29,61,0,32,77,0,2.4,61,2.3,2,5,2,10,8,90,0,3,0,0,14,25,244,2,43,281,4,6.5,68,7.7,2,9,2,20,7,80,0,0,-9.27110155288106
L (40-50),0,13,29,189,1,35,285,4,8.1,64,7.4,6,11,6,27,7,64,0,0,1,0,13,28,248,0,49,331,7,6.8,77,7.5,3,15,3,28,14,170,0,0,-20.82779283120527
W (33-30),2,15,29,204,1,38,160,3,4.2,67,5.4,3,7,3,21,4,30,2,0,1,0,21,41,233,2,45,127,1,2.8,86,4.2,1,7,1,20,9,93,0,0,-3.7997655099214285
L (28-41),5,10,22,129,1,55,331,3,6.0,77,6.0,0,17,0,24,1,5,3,2,1,2,19,28,297,3,35,116,2,3.3,63,6.6,0,4,0,17,1,10,0,2,-18.05737510807196
W (38-20),1,17,26,221,2,45,269,3,6.0,71,6.9,4,15,4,28,8,67,0,1,1,0,17,31,309,2,25,49,0,2.0,56,6.4,2,2,2,13,8,72,0,0,40.6628136914906
L (20-21),1,21,39,251,2,40,156,0,3.9,79,5.2,3,7,3,20,10,84,0,1,0,1,15,34,209,1,41,185,2,4.5,75,5.3,2,10,2,20,8,65,1,0,23.713146487606913
L (34-41),2,18,34,216,1,34,201,2,5.9,68,6.1,3,10,3,21,3,25,2,0,1,0,12,23,134,0,48,371,5,7.7,71,7.1,0,18,0,25,7,59,0,0,10.735137358952393
W (35-11),0,13,17,211,1,55,289,4,5.3,72,6.9,1,12,1,23,3,31,0,0,0,2,8,18,159,1,28,42,0,1.5,46,4.4,1,3,1,10,2,15,0,2,43.29624179636802
W (30-20),1,22,33,210,0,36,151,2,4.2,69,5.2,1,9,1,20,4,40,0,1,1,2,19,36,281,1,19,33,1,1.7,55,5.7,0,3,0,12,2,20,1,1,15.83742639994682
W (24-17),0,13,20,109,1,27,62,1,2.3,47,3.6,3,3,3,11,6,46,0,0,1,4,14,29,159,1,44,120,1,2.7,73,3.8,1,11,1,20,6,56,2,2,31.771342353195084
L (17-24),3,17,24,329,2,21,82,0,3.9,45,9.1,3,4,3,18,6,42,2,1,1,0,31,43,346,2,33,78,1,2.4,76,5.6,2,5,2,25,8,50,0,0,9.26554729391008
W (59-28),1,19,22,246,3,40,281,5,7.0,62,8.5,2,10,2,25,5,47,0,1,1,2,9,16,173,1,39,225,3,5.8,55,7.2,2,7,2,16,7,57,1,1,52.334406960250135
L (21-66),3,17,31,218,2,33,135,1,4.1,64,5.5,2,5,2,13,5,60,0,3,0,1,24,34,354,4,37,232,4,6.3,71,8.3,1,13,1,25,8,55,0,1,20.3709867824157
W (52-20),0,22,34,439,5,26,179,2,6.9,60,10.3,0,5,0,21,14,130,0,0,1,2,20,44,186,2,47,229,0,4.9,91,4.6,5,12,5,27,6,45,0,2,53.941087565791165
L (44-52),2,36,64,445,3,33,208,3,6.3,97,6.7,4,9,4,32,5,33,1,1,0,0,24,38,319,1,32,207,6,6.5,70,7.5,0,8,0,21,6,74,0,0,68.26848599251751
L (3-14),2,24,37,214,0,18,69,0,3.8,55,5.1,1,7,1,18,3,35,0,2,1,2,2,4,15,0,64,293,2,4.6,68,4.5,2,19,2,23,5,50,1,1,47.29657956468668
L (20-23),2,23,43,194,0,42,165,2,3.9,85,4.2,5,8,5,24,5,55,1,1,1,1,10,17,107,1,37,77,1,2.1,54,3.4,2,4,2,9,5,74,1,0,3.364946787456555
W (34-20),2,6,10,35,1,54,367,4,6.8,64,6.3,1,20,1,23,3,25,1,1,1,1,15,30,263,2,34,115,0,3.4,64,5.9,1,10,1,19,4,15,1,0,11.75115646646875
L (6-13),0,22,46,210,0,46,181,0,3.9,92,4.3,3,10,3,25,7,75,0,0,1,0,15,28,152,1,37,133,0,3.6,65,4.4,4,5,4,15,5,58,0,0,17.67965262291019
W (42-28),1,13,17,156,2,43,255,3,5.9,60,6.9,3,11,3,21,4,37,1,0,0,3,14,28,179,1,36,211,3,5.9,64,6.1,2,11,2,21,5,50,0,3,31.162212167858147
L (20-26),2,19,35,156,0,38,132,2,3.5,73,3.9,2,7,2,19,7,57,1,1,1,2,25,40,250,3,30,93,0,3.1,70,4.9,1,4,1,18,9,80,1,1,10.451957345416734
L (24-41),0,23,38,243,2,22,93,1,4.2,60,5.6,2,6,2,17,3,20,0,0,1,0,25,33,380,3,35,149,2,4.3,68,7.8,0,8,0,27,3,22,0,0,-0.5627922542667623
L (3-23),1,9,24,82,0,31,127,0,4.1,55,3.8,0,6,0,9,6,45,1,0,1,2,14,24,160,1,43,199,2,4.6,67,5.4,1,12,1,19,2,15,1,1,14.989737090484914
W (26-20),1,25,39,302,1,30,122,2,4.1,69,6.1,1,5,1,19,9,85,0,1,0,0,25,41,290,1,23,47,1,2.0,64,5.3,1,1,1,16,2,20,0,0,27.517350470593172
L (14-16),2,20,33,163,0,28,123,2,4.4,61,4.7,1,7,1,17,3,35,0,2,1,0,10,20,198,1,45,190,0,4.2,65,6.0,1,9,1,16,3,35,0,0,10.729724732358502
W (28-3),2,17,28,158,1,36,270,3,7.5,64,6.7,5,8,5,24,8,66,2,0,1,2,14,36,119,0,28,110,0,3.9,64,3.6,3,8,3,17,10,100,0,2,39.931013847792826
W (49-7),1,18,27,248,3,39,229,4,5.9,66,7.2,1,14,1,24,4,35,1,0,1,1,10,18,87,0,41,113,1,2.8,59,3.4,1,7,1,14,3,25,1,0,78.77115568905064
W (51-14),0,15,25,201,2,40,265,4,6.6,65,7.2,1,11,1,20,9,80,0,0,1,6,7,14,88,0,43,222,2,5.2,57,5.4,3,10,3,17,5,40,5,1,118.65891180312664
W (35-14),2,22,33,214,3,38,234,2,6.2,71,6.3,2,10,2,21,9,89,1,1,1,5,17,36,172,0,32,128,2,4.0,68,4.4,2,7,2,15,6,40,2,3,152.55702472784364
W (27-20),1,20,28,204,1,40,192,2,4.8,68,5.8,0,9,0,20,8,85,1,0,1,1,23,37,228,1,27,114,1,4.2,64,5.3,2,5,2,18,7,50,1,0,13.869430642699458
W (30-10),2,12,18,204,2,51,236,2,4.6,69,6.4,3,9,3,21,11,91,2,0,1,2,25,38,196,1,20,-18,0,-0.9,58,3.1,2,1,2,14,6,60,0,2,23.800411656305354
L (20-30),2,22,43,181,0,33,110,3,3.3,76,3.8,4,6,4,22,4,31,0,2,0,0,14,21,178,3,30,150,1,5.0,51,6.4,1,5,1,15,7,52,0,0,33.37658530562102
W (41-0),1,15,26,149,1,44,258,2,5.9,70,5.8,1,14,1,23,4,30,1,0,0,1,8,18,62,0,34,52,0,1.5,52,2.2,0,4,0,7,1,14,0,1,67.64294091251233
W (56-0),0,25,33,410,2,39,273,6,7.0,72,9.5,0,13,0,30,6,58,0,0,1,0,8,17,71,0,31,28,0,0.9,48,2.1,1,0,1,6,2,2,0,0,22.346773776326902
W (38-7),1,26,40,298,3,35,185,2,5.3,75,6.4,1,6,1,23,4,40,0,1,0,3,16,25,199,1,25,47,0,1.9,50,4.9,0,3,0,13,2,19,2,1,53.26048141536626
L (31-32),2,28,35,326,2,33,141,2,4.3,68,6.9,0,6,0,22,8,70,2,0,0,0,23,34,341,2,31,155,2,5.0,65,7.6,1,8,1,18,3,25,0,0,61.95393087548214
W (20-13),2,16,24,182,2,40,176,0,4.4,64,5.6,2,11,2,21,2,15,1,1,0,1,13,21,150,0,32,120,0,3.8,53,5.1,1,8,1,15,5,45,0,1,101.18398070831167
W (31-7),0,15,24,247,2,33,173,2,5.2,57,7.4,0,10,0,19,3,32,0,0,0,1,21,36,201,0,30,50,1,1.7,66,3.8,2,6,2,17,2,10,1,0,133.5758135129189
W (16-12),1,19,32,174,2,29,75,0,2.6,61,4.1,1,4,1,15,5,67,0,1,1,2,24,28,260,1,35,58,0,1.7,63,5.0,3,5,3,18,8,70,1,1,38.73915106049017
L (15-25),3,18,34,186,1,34,36,1,1.1,68,3.3,4,4,4,16,3,32,2,1,1,2,13,21,194,1,52,151,1,2.9,73,4.7,1,8,1,14,10,82,2,0,49.97877619225608
L (3-34),2,19,30,148,0,39,89,0,2.3,69,3.4,3,7,3,18,7,49,2,0,1,1,21,31,229,1,30,177,3,5.9,61,6.7,1,7,1,17,5,57,0,1,69.42049450435943
L (14-26),2,22,31,182,2,50,147,0,2.9,81,4.1,5,10,5,24,7,71,2,0,0,1,22,30,311,1,31,69,2,2.2,61,6.2,2,4,2,18,7,94,1,0,47.65633532746958
W (45-10),1,28,39,431,5,35,129,1,3.7,74,7.6,1,9,1,24,9,80,0,1,0,1,19,37,236,0,32,116,1,3.6,69,5.1,2,8,2,19,4,40,0,1,45.31002657501328
L (20-42),3,26,50,364,1,30,126,1,4.2,80,6.1,3,7,3,25,2,20,1,2,0,1,19,31,259,3,34,300,3,8.8,65,8.6,1,10,1,23,6,49,0,1,31.810308629068917
L (35-38),2,18,29,152,3,37,269,2,7.3,66,6.4,0,12,0,22,1,5,0,2,0,3,13,28,218,2,36,255,3,7.1,64,7.4,0,16,0,25,2,15,0,3,20.919282169068797
L (21-42),1,19,33,189,1,23,81,2,3.5,56,4.8,0,5,0,16,1,10,0,1,1,0,20,29,304,3,49,225,3,4.6,78,6.8,0,13,0,26,4,35,0,0,10.052723408215368
L (14-20),2,20,34,192,1,41,95,1,2.3,75,3.8,3,5,3,17,10,95,1,1,1,4,25,38,283,0,51,183,2,3.6,89,5.2,1,9,1,26,10,70,0,4,-17.872394243495556
W (30-27),0,12,27,144,2,36,189,2,5.3,63,5.3,1,9,1,16,6,48,0,0,0,1,27,36,303,2,33,96,2,2.9,69,5.8,3,8,3,23,7,65,0,1,0.6210369282624626
W (21-14),1,14,23,141,1,45,202,2,4.5,68,5.0,1,9,1,18,7,60,0,1,0,2,28,46,260,2,28,57,0,2.0,74,4.3,2,4,2,19,4,40,1,1,15.063687617780904
W (47-19),0,20,27,304,4,41,256,2,6.2,68,8.2,1,11,1,26,4,50,0,0,1,2,21,36,303,3,24,113,0,4.7,60,6.9,1,6,1,17,6,57,1,1,58.6759114830731
L (32-35),1,9,21,189,0,37,174,4,4.7,58,6.3,0,8,0,15,8,59,0,1,1,0,18,26,192,1,48,233,3,4.9,74,5.7,5,10,5,23,6,46,0,0,39.18320973410385
W (40-6),2,26,34,377,2,45,272,3,6.0,79,8.2,2,18,2,33,11,114,1,1,0,2,24,42,265,0,32,46,0,1.4,74,4.2,5,2,5,21,6,60,1,1,28.64086185624899
L (17-20),1,18,27,261,1,29,92,1,3.2,56,6.3,0,6,0,14,8,53,1,0,1,0,18,28,243,1,47,93,1,2.0,75,4.5,3,11,3,22,3,30,0,0,29.034864472493176
L (26-29),2,24,42,284,1,42,180,1,4.3,84,5.5,1,11,1,22,12,110,1,1,0,2,22,51,337,3,24,84,0,3.5,75,5.6,3,2,3,22,6,45,0,2,38.128170265973054
W (63-31),0,28,34,562,7,42,132,1,3.1,76,9.1,4,8,4,30,9,90,0,0,0,2,21,28,365,1,37,127,3,3.4,65,7.6,2,9,2,24,10,95,2,0,77.5523651459795
W (49-14),0,23,27,306,2,32,240,4,7.5,59,9.3,2,9,2,26,3,36,0,0,0,0,23,35,178,0,32,131,2,4.1,67,4.6,2,8,2,19,6,65,0,0,39.26928142396672
W (31-10),2,21,34,264,2,37,213,2,5.8,71,6.7,2,10,2,25,5,35,0,2,1,1,15,22,191,0,30,59,1,2.0,52,4.8,2,6,2,16,5,41,1,0,69.33486865115172
W (35-0),1,21,25,290,2,35,131,3,3.7,60,7.0,1,9,1,25,4,25,0,1,0,2,9,19,93,0,40,208,0,5.2,59,5.1,0,11,0,16,6,40,1,1,110.74591177657753
W (38-17),1,22,34,294,1,37,176,4,4.8,71,6.6,2,9,2,23,2,10,1,0,0,0,13,25,165,2,28,105,0,3.8,53,5.1,0,4,0,11,5,35,0,0,144.35543133603642
W (16-13),1,22,31,218,0,40,136,1,3.4,71,5.0,0,10,0,19,7,55,0,1,0,1,12,28,96,1,34,130,0,3.8,62,3.6,3,9,3,15,8,56,0,1,181.54756017382206
L (14-49),0,23,35,178,0,32,131,2,4.1,67,4.6,2,8,2,19,6,65,0,0,1,0,23,27,306,2,32,240,4,7.5,59,9.3,2,9,2,26,3,36,0,0,10.607029841271522
W (39-31),2,16,28,147,0,47,251,5,5.3,75,5.3,4,13,4,26,8,45,1,1,1,1,20,30,263,2,39,176,2,4.5,69,6.4,2,11,2,22,13,82,1,0,55.62239409194484
L (25-33),1,21,37,231,0,37,137,3,3.7,74,5.0,2,7,2,21,1,10,1,0,1,1,15,27,196,1,40,188,2,4.7,67,5.7,0,11,0,21,4,34,0,1,34.63828505770188
L (13-24),3,24,37,292,0,45,182,1,4.0,82,5.8,4,12,4,29,10,97,1,2,1,1,18,35,395,1,18,68,1,3.8,53,8.7,3,4,3,20,8,83,0,1,20.846163726752266
W (34-27),1,13,20,204,2,37,234,2,6.3,57,7.7,0,10,0,21,7,76,0,1,1,2,25,40,254,2,26,121,1,4.7,66,5.7,1,4,1,20,3,18,0,2,38.207889925924505
W (21-7),0,15,21,135,0,44,239,3,5.4,65,5.8,2,14,2,24,6,63,0,0,1,2,16,25,185,1,32,34,0,1.1,57,3.8,3,5,3,17,9,60,1,1,62.03851383068525
W (33-30),3,31,44,400,2,31,118,1,3.8,75,6.9,2,5,2,28,3,25,0,3,0,1,20,34,220,2,24,189,1,7.9,58,7.1,0,7,0,16,5,60,0,1,101.19232670203482
L (13-20),1,13,21,150,0,32,120,0,3.8,53,5.1,1,8,1,15,5,45,0,1,1,2,16,24,182,2,40,176,0,4.4,64,5.6,2,11,2,21,2,15,1,1,111.52044073337328
W (49-10),0,22,27,305,4,34,234,3,6.9,61,8.8,0,10,0,23,3,26,0,0,0,0,15,31,217,1,28,85,0,3.0,59,5.1,1,5,1,16,4,34,0,0,142.63930019512222
W (28-27),1,20,35,302,3,33,196,0,5.9,68,7.3,2,10,2,24,5,50,0,1,0,1,22,38,298,3,37,151,0,4.1,75,6.0,0,7,0,21,6,59,1,0,35.10313341823208
W (34-24),1,25,42,381,3,35,139,1,4.0,77,6.8,1,8,1,23,5,43,0,1,0,0,24,45,269,1,35,147,1,4.2,80,5.2,0,8,0,23,5,50,0,0,77.89915858838987
W (41-13),0,16,22,144,2,22,73,0,3.3,44,4.9,2,5,2,13,3,28,0,0,1,5,35,64,321,0,29,6,2,0.2,93,3.5,2,5,2,23,8,70,0,5,123.98235499757021
L (19-24),2,14,35,165,1,32,127,1,4.0,67,4.4,3,7,3,17,11,75,0,2,1,2,17,25,170,1,45,170,2,3.8,70,4.9,0,10,0,19,6,80,0,2,105.89887732340186
L (21-38),2,7,17,56,1,30,263,2,8.8,47,6.8,1,10,1,13,2,25,1,1,0,0,10,18,104,0,57,341,4,6.0,75,5.9,1,20,1,25,6,47,0,0,-9.241863082930676
L (6-52),2,12,22,117,0,26,99,0,3.8,48,4.5,1,3,1,10,6,55,2,0,0,2,21,32,361,3,41,228,4,5.6,73,8.1,3,11,3,28,3,30,0,2,-19.00763680627976
L (0-35),2,9,19,93,0,40,208,0,5.2,59,5.1,0,11,0,16,6,40,1,1,1,1,21,25,290,2,35,131,3,3.7,60,7.0,1,9,1,25,4,25,0,1,-32.73089994963988
L (0-45),2,9,21,108,0,38,98,0,2.6,59,3.5,3,7,3,15,0,0,1,1,0,0,21,31,260,3,35,173,2,4.9,66,6.6,0,13,0,24,3,44,0,0,-46.90054361938847
L (7-33),2,16,27,84,0,24,75,1,3.1,51,3.1,3,3,3,9,4,30,1,1,0,0,12,21,142,1,42,237,3,5.6,63,6.0,0,9,0,16,5,64,0,0,-14.168193726813097
L (20-21),0,22,40,254,2,31,209,0,6.7,71,6.5,3,9,3,23,6,44,0,0,1,1,18,36,237,2,29,67,1,2.3,65,4.7,2,8,2,17,6,66,0,1,-35.846108025265586
L (10-24),5,26,46,271,1,17,73,0,4.3,63,5.5,1,3,1,16,4,31,2,3,0,0,12,25,152,1,40,154,1,3.9,65,4.7,1,9,1,18,5,35,0,0,-26.062159408944545
W (24-10),2,28,40,239,1,25,105,2,4.2,65,5.3,1,8,1,20,4,35,1,1,1,2,10,21,120,0,40,140,1,3.5,61,4.3,0,8,0,12,5,45,0,2,-15.956098810477677
W (26-23),1,16,25,269,0,52,153,3,2.9,77,5.5,3,9,3,25,4,20,1,0,0,3,13,27,137,0,27,183,3,6.8,54,5.9,0,9,0,14,4,34,2,1,37.454292624921976
L (7-14),2,15,37,186,1,32,78,0,2.4,69,3.8,3,6,3,18,4,28,0,2,0,1,14,28,164,0,42,97,2,2.3,70,3.7,0,10,0,15,7,37,0,1,52.83242867488276
L (32-35),1,18,30,287,0,29,135,4,4.7,59,7.2,3,8,3,23,3,25,0,1,1,1,32,38,383,4,31,95,1,3.1,69,6.9,1,6,1,24,9,49,1,0,41.01054852652568
W (26-19),1,17,33,240,3,38,109,0,2.9,71,4.9,3,6,3,19,4,43,0,1,1,1,27,45,262,1,19,35,1,1.8,64,4.6,3,4,3,18,5,51,1,0,51.731526691145234
L (14-45),2,17,24,219,2,30,67,0,2.2,54,5.3,1,1,1,12,6,35,0,2,0,1,14,17,170,0,57,384,6,6.7,74,7.5,0,24,0,29,6,45,1,0,13.809984013565924
W (31-11),2,12,26,102,1,55,280,3,5.1,81,4.7,1,17,1,24,3,40,0,2,1,3,14,29,74,1,28,78,0,2.8,57,2.7,2,4,2,12,6,45,1,2,49.2391846689395
W (41-21),1,19,31,224,2,51,293,3,5.7,82,6.3,3,10,3,26,7,60,1,0,0,4,15,29,204,1,34,119,1,3.5,63,5.1,2,4,2,15,12,120,2,2,92.01974069789787
W (10-7),0,14,21,76,0,43,131,1,3.0,64,3.2,2,7,2,13,4,35,0,0,0,1,8,21,74,1,37,125,0,3.4,58,3.4,1,8,1,11,8,60,0,1,102.65447159541813
W (23-17),1,22,32,179,0,43,203,3,4.7,75,5.1,1,13,1,21,4,35,0,1,0,1,16,24,137,1,35,106,1,3.0,59,4.1,1,5,1,13,4,40,0,1,142.64038103804518
L (10-31),2,14,30,166,1,35,110,0,3.1,65,4.2,2,7,2,16,15,120,0,2,0,1,21,29,198,2,42,275,2,6.5,71,6.7,2,11,2,21,12,113,0,1,-11.515129243332208
W (27-24),0,24,33,224,1,34,99,2,2.9,67,4.8,2,5,2,19,9,104,0,0,1,1,26,44,272,3,29,84,0,2.9,73,4.9,3,8,3,24,7,66,0,1,3.1123065436235358
L (26-29),1,28,41,284,1,30,130,2,4.3,71,5.8,1,5,1,21,8,78,0,1,1,1,19,27,257,2,40,114,2,2.9,67,5.5,3,8,3,22,4,45,1,0,14.60821397699053
L (16-21),0,26,42,195,1,46,146,0,3.2,88,3.9,5,12,5,26,8,65,0,0,1,0,16,24,175,1,35,300,2,8.6,59,8.1,1,13,1,21,8,104,0,0,4.003092607818466
W (31-10),3,26,39,355,4,25,62,0,2.5,64,6.5,1,4,1,18,4,40,3,0,1,3,14,25,128,0,39,64,1,1.6,64,3.0,1,4,1,10,11,95,1,2,30.65973122758343
W (35-31),0,23,42,327,3,27,114,2,4.2,69,6.4,3,8,3,27,8,75,0,0,1,1,23,31,226,2,36,190,2,5.3,67,6.2,2,11,2,23,8,75,0,1,47.241174343614695
W (24-14),4,21,39,322,1,25,176,2,7.0,64,7.8,1,8,1,20,8,60,2,2,1,3,18,38,310,2,38,56,0,1.5,76,4.8,2,5,2,19,8,69,0,3,57.72590552207564
W (24-13),1,18,35,395,1,18,68,1,3.8,53,8.7,3,4,3,20,8,83,0,1,0,3,24,37,292,0,45,182,1,4.0,82,5.8,4,12,4,29,10,97,1,2,71.32204758444816
L (20-27),1,23,37,228,1,27,114,1,4.2,64,5.3,2,5,2,18,7,50,1,0,0,1,20,28,204,1,40,192,2,4.8,68,5.8,0,9,0,20,8,85,1,0,-17.32882603042596
L (10-42),0,21,31,223,1,32,110,0,3.4,63,5.3,0,8,0,16,5,35,0,0,0,2,29,42,430,2,27,237,4,8.8,69,9.7,0,8,0,29,4,40,0,2,1.6571971373902952
W (25-9),0,16,21,158,1,41,160,1,3.9,62,5.1,1,6,1,12,9,100,0,0,1,3,19,36,136,1,22,36,0,1.6,58,3.0,3,3,3,14,3,34,0,3,8.223977916634112
L (30-34),2,23,32,274,1,36,184,2,5.1,68,6.7,1,10,1,25,13,99,1,1,1,0,25,33,231,3,36,106,2,2.9,69,4.9,2,10,2,20,5,41,0,0,16.157290361710515
W (31-6),1,11,15,173,2,35,79,1,2.3,50,5.0,3,4,3,13,8,70,0,1,0,2,6,17,44,0,46,139,0,3.0,63,2.9,0,11,0,13,11,63,0,2,39.4983020219672
W (50-7),1,19,27,276,3,53,273,4,5.2,80,6.9,1,15,1,27,7,70,1,0,1,1,16,30,117,1,21,37,0,1.8,51,3.0,1,3,1,9,6,55,0,1,42.90204652753609
L (25-27),4,24,32,242,2,39,132,1,3.4,71,5.3,3,9,3,23,6,49,3,1,0,2,16,23,209,1,38,104,3,2.7,61,5.1,1,9,1,20,7,67,0,2,23.779898843895136
W (44-20),1,13,27,244,2,43,286,3,6.7,70,7.6,4,13,4,26,3,25,1,0,1,2,18,28,206,1,42,144,1,3.4,70,5.0,1,7,1,19,7,68,1,1,64.39125882661264
W (34-30),1,21,30,353,5,36,109,0,3.0,66,7.0,2,6,2,22,4,24,0,1,1,1,21,31,237,1,37,144,2,3.9,68,5.6,1,9,1,20,5,50,0,1,102.25391881766984
W (49-24),1,19,30,193,2,51,369,5,7.2,81,6.9,2,18,2,27,8,65,1,0,0,3,19,33,397,2,28,90,1,3.2,61,8.0,1,5,1,19,8,62,2,1,16.126288557384445
L (10-45),2,16,28,175,0,25,26,1,1.0,53,3.8,2,2,2,12,4,38,2,0,0,0,19,23,330,3,50,198,3,4.0,73,7.2,3,14,3,30,4,45,0,0,7.132181578377374
W (35-25),2,17,32,201,2,41,148,3,3.6,73,4.8,4,7,4,18,7,60,1,1,1,1,33,56,384,2,34,101,0,3.0,90,5.4,2,7,2,26,9,88,0,1,23.522726190142798
L (7-28),3,26,44,282,1,25,60,0,2.4,69,5.0,1,2,1,17,4,25,1,2,1,1,6,11,58,1,59,321,3,5.4,70,5.4,0,16,0,18,3,25,1,0,37.82822049337914
L (15-18),3,17,36,144,0,36,117,0,3.3,72,3.6,1,8,1,18,7,69,2,1,1,3,15,29,202,1,35,134,1,3.8,64,5.3,1,6,1,16,5,45,1,2,9.570430977730021
W (42-16),1,16,23,254,3,51,204,2,4.0,74,6.2,3,11,3,23,7,61,1,0,1,3,12,34,222,2,26,63,0,2.4,60,4.8,1,3,1,13,10,79,0,3,53.2986639087355
W (40-10),3,17,27,322,3,38,179,2,4.7,65,7.7,1,10,1,22,10,100,2,1,0,2,18,37,173,1,35,33,0,0.9,72,2.9,2,3,2,15,7,65,0,2,90.30556633753295
W (48-25),0,18,31,306,2,36,161,4,4.5,67,7.0,1,8,1,19,10,85,0,0,1,2,39,59,350,2,32,103,1,3.2,91,5.0,5,6,5,30,6,66,1,1,134.73606181032042
L (24-49),3,19,33,397,2,28,90,1,3.2,61,8.0,1,5,1,19,8,62,2,1,1,1,19,30,193,2,51,369,5,7.2,81,6.9,2,18,2,27,8,65,1,0,-15.068228711441385
L (13-23),1,15,21,140,0,18,37,2,2.1,39,4.5,1,3,1,8,4,37,1,0,1,0,22,30,222,1,46,188,1,4.1,76,5.4,0,11,0,22,5,35,0,0,-25.86238345464744
L (28-44),3,15,23,187,0,47,176,4,3.7,70,5.2,5,11,5,24,6,49,2,1,1,0,20,31,186,3,39,281,2,7.2,70,6.7,1,10,1,23,9,76,0,0,-39.96675448345733
L (3-37),4,5,18,70,0,40,113,0,2.8,58,3.2,0,6,0,8,10,79,1,3,1,2,16,25,259,1,47,267,3,5.7,72,7.3,0,11,0,21,5,40,1,1,-53.056575176450316
W (26-24),2,23,38,178,1,32,173,0,5.4,70,5.0,2,9,2,21,7,55,0,2,0,2,27,42,339,2,17,26,1,1.5,59,6.2,0,2,0,18,7,70,0,2,16.34733532055653
L (7-31),2,14,25,122,1,41,136,0,3.3,66,3.9,0,11,0,18,4,24,1,1,1,0,14,19,201,2,36,136,2,3.8,55,6.1,1,6,1,16,6,45,0,0,-0.5550802287809802
L (10-40),2,18,37,173,1,35,33,0,0.9,72,2.9,2,3,2,15,7,65,0,2,1,3,17,27,322,3,38,179,2,4.7,65,7.7,1,10,1,22,10,100,2,1,-10.045314613803768
L (28-59),2,9,16,173,1,39,225,3,5.8,55,7.2,2,7,2,16,7,57,1,1,0,1,19,22,246,3,40,281,5,7.0,62,8.5,2,10,2,25,5,47,0,1,-23.989819862287426
W (31-28),0,32,46,381,4,32,134,0,4.2,78,6.6,0,8,0,27,5,45,0,0,1,0,29,40,266,1,24,112,3,4.7,64,5.9,1,7,1,19,3,15,0,0,41.30927465825246
W (44-41),1,40,63,355,3,33,137,3,4.2,96,5.1,6,9,6,34,7,56,0,1,0,1,21,25,227,3,25,127,1,5.1,50,7.1,2,6,2,20,9,108,0,1,48.90817752170617
L (13-41),5,35,64,321,0,29,6,2,0.2,93,3.5,2,5,2,23,8,70,0,5,0,0,16,22,144,2,22,73,0,3.3,44,4.9,2,5,2,13,3,28,0,0,55.1931336204046
L (31-37),1,31,48,392,2,25,39,2,1.6,73,5.9,2,5,2,26,10,91,1,0,0,1,7,13,65,2,51,313,3,6.1,64,5.9,4,14,4,22,4,45,0,1,67.21520398050824
L (11-38),3,30,46,277,1,20,35,0,1.8,66,4.7,2,3,2,16,9,68,1,2,0,0,5,9,112,1,51,297,4,5.8,60,6.8,0,12,0,17,4,40,0,0,-15.547991737480586
W (45-29),0,17,27,271,5,41,180,1,4.4,68,6.6,0,8,0,20,5,33,0,0,1,1,26,44,293,2,36,178,2,4.9,80,5.9,1,9,1,26,6,60,0,1,-3.117118316442909
L (20-29),3,18,31,136,0,37,134,1,3.6,68,4.0,1,6,1,15,8,65,2,1,0,3,24,41,272,1,41,99,1,2.4,82,4.5,3,7,3,21,6,51,1,2,-16.582852358534062
L (34-56),3,23,41,294,3,38,111,2,2.9,79,5.1,4,6,4,23,5,35,0,3,0,2,16,29,269,5,36,225,2,6.3,65,7.6,0,7,0,19,9,87,0,2,-7.38712830658188
W (18-15),0,24,41,218,0,39,130,1,3.3,80,4.4,1,6,1,18,5,60,0,0,1,0,19,36,194,0,31,123,2,4.0,67,4.7,3,4,3,17,4,35,0,0,10.577783573769256
W (71-0),0,16,25,284,3,55,456,6,8.3,80,9.3,0,20,0,32,5,54,0,0,1,0,9,16,58,0,32,54,0,1.7,48,2.3,1,5,1,8,2,7,0,0,21.10722095347715
L (14-19),0,17,29,158,0,36,174,2,4.8,65,5.1,2,6,2,16,10,60,0,0,0,0,21,30,297,0,44,137,2,3.1,74,5.9,1,8,1,23,6,45,0,0,31.736241130974527
W (24-17),3,14,28,194,1,43,214,2,5.0,71,5.7,6,7,6,21,11,95,1,2,1,2,25,45,239,1,34,75,1,2.2,79,4.0,3,8,3,23,15,115,0,2,74.81082513688258
W (33-14),1,13,21,212,2,57,240,1,4.2,78,5.8,4,13,4,25,6,50,1,0,1,2,10,26,92,0,38,179,2,4.7,64,4.2,1,9,1,15,9,85,1,1,112.37559990011059
W (31-12),0,24,36,246,3,32,143,1,4.5,68,5.7,0,9,0,19,7,45,0,0,0,3,22,33,204,1,23,80,0,3.5,56,5.1,0,4,0,13,4,30,1,2,31.144368858673236
W (51-3),2,15,29,258,2,52,239,5,4.6,81,6.1,3,13,3,26,7,55,0,2,1,2,11,25,54,0,25,57,0,2.3,50,2.2,1,3,1,7,10,56,0,2,55.434726326031466
W (34-3),1,21,31,229,1,30,177,3,5.9,61,6.7,1,7,1,17,5,57,0,1,1,2,19,30,148,0,39,89,0,2.3,69,3.4,3,7,3,18,7,49,2,0,88.9245960316768
W (27-24),2,27,37,288,3,34,104,0,3.1,71,5.5,0,6,0,20,10,107,0,2,0,3,17,31,155,2,31,114,1,3.7,62,4.3,3,5,3,17,4,35,1,2,95.35337839200062
W (20-10),0,20,32,176,2,41,139,0,3.4,73,4.3,1,9,1,20,2,15,0,0,0,2,17,25,149,0,34,82,1,2.4,59,3.9,0,10,0,15,2,15,1,1,130.99589045786777
W (33-20),0,11,17,178,2,55,310,1,5.6,72,6.8,3,18,3,27,13,110,0,0,0,3,18,29,249,2,25,52,1,2.1,54,5.6,3,5,3,19,7,65,0,3,10.817439717170878
W (21-17),0,11,22,163,2,38,134,1,3.5,60,5.0,3,8,3,17,7,63,0,0,1,3,23,41,279,1,30,100,1,3.3,71,5.3,2,8,2,21,10,75,2,1,55.5983742157627
W (34-24),2,15,25,217,1,37,136,3,3.7,62,5.7,2,4,2,17,7,69,0,2,0,1,22,41,242,3,36,125,0,3.5,77,4.8,3,6,3,22,8,78,0,1,93.8056475414945
L (20-44),2,18,28,206,1,42,144,1,3.4,70,5.0,1,7,1,19,7,68,1,1,0,1,13,27,244,2,43,286,3,6.7,70,7.6,4,13,4,26,3,25,1,0,112.96179409487428
L (34-35),0,35,53,402,4,17,58,0,3.4,70,6.6,2,3,2,26,4,40,0,0,1,0,13,22,230,3,54,289,2,5.4,76,6.8,2,17,2,30,5,45,0,0,9.085024423918375
W (38-27),3,28,37,356,3,35,151,1,4.3,72,7.0,0,11,0,26,5,52,1,2,0,1,15,34,179,1,34,167,2,4.9,68,5.1,3,11,3,20,6,50,0,1,14.840175757114098
W (13-7),1,22,41,263,0,33,132,1,4.0,74,5.3,0,7,0,20,6,38,1,0,0,1,17,33,199,1,26,68,0,2.6,59,4.5,1,4,1,12,5,32,0,1,23.297423838439563
L (34-37),0,26,35,339,3,32,105,1,3.3,67,6.6,3,7,3,25,6,55,0,0,0,0,19,34,242,0,44,257,5,5.8,78,6.4,2,15,2,31,8,75,0,0,37.888518070415714
L (28-31),3,29,44,268,4,31,132,0,4.3,75,5.3,0,8,0,21,8,69,2,1,1,1,19,30,246,1,42,101,3,2.4,72,4.8,3,6,3,20,8,34,0,1,6.60858983050387
W (38-17),3,20,29,252,3,39,215,2,5.5,68,6.9,3,11,3,26,3,35,1,2,0,2,19,32,268,2,33,63,0,1.9,65,5.1,2,3,2,19,4,53,2,0,15.586256183458989
L (14-24),2,17,33,173,1,40,186,1,4.7,73,4.9,2,14,2,23,3,25,0,2,0,1,15,28,130,0,37,192,3,5.2,65,5.0,0,11,0,18,4,40,1,0,23.693719920220786
W (38-17),0,8,14,72,1,54,326,4,6.0,68,5.9,0,18,0,21,5,55,0,0,0,2,13,24,119,0,39,159,2,4.1,63,4.4,2,8,2,18,2,5,1,1,35.42400222887913
W (66-21),1,24,34,354,4,37,232,4,6.3,71,8.3,1,13,1,25,8,55,0,1,1,3,17,31,218,2,33,135,1,4.1,64,5.5,2,5,2,13,5,60,0,3,6.837527039183362
W (44-41),1,19,29,251,2,36,231,2,6.4,65,7.4,0,10,0,21,5,37,1,0,1,2,31,45,426,4,33,129,1,3.9,78,7.1,2,6,2,29,2,10,1,1,55.50204633966919
L (35-59),2,34,50,306,4,35,149,1,4.3,85,5.4,3,10,3,29,5,40,1,1,1,0,21,32,274,5,33,255,3,7.7,65,8.1,0,10,0,23,8,90,0,0,72.67164565722064
W (23-22),2,21,40,237,2,34,129,1,3.8,74,4.9,1,8,1,21,10,84,0,2,0,2,22,38,299,2,38,133,0,3.5,76,5.7,1,6,1,23,8,59,1,1,88.44994637935491
W (41-17),1,23,28,285,3,45,169,2,3.8,73,6.2,3,9,3,26,8,50,1,0,0,2,28,40,319,2,27,66,0,2.4,67,5.7,1,6,1,21,10,104,1,1,45.230652669956584
W (30-20),2,27,39,318,2,37,78,1,2.1,76,5.2,3,6,3,25,6,40,0,2,1,1,23,46,296,2,23,54,0,2.3,69,5.1,1,2,1,18,5,43,0,1,54.515889687985904
W (13-6),0,15,28,152,1,37,133,0,3.6,65,4.4,4,5,4,15,5,58,0,0,0,0,22,46,210,0,46,181,0,3.9,92,4.3,3,10,3,25,7,75,0,0,66.84125278774938
W (29-28),2,18,34,251,3,32,167,1,5.2,66,6.3,0,7,0,16,8,71,1,1,0,1,24,46,265,2,42,168,1,4.0,88,4.9,3,7,3,24,3,25,0,1,79.90133075027504
L (17-38),1,16,26,150,0,34,101,2,3.0,60,4.2,3,6,3,17,8,73,1,0,0,0,20,30,161,1,29,211,4,7.3,59,6.3,6,12,6,25,7,71,0,0,-17.248202152957973
L (9-13),0,7,12,71,0,45,189,0,4.2,57,4.6,3,10,3,17,10,84,0,0,1,1,6,11,135,0,38,112,1,2.9,49,5.0,3,7,3,13,8,65,0,1,-34.78670937312499
L (9-25),3,19,36,136,1,22,36,0,1.6,58,3.0,3,3,3,14,3,34,0,3,0,0,16,21,158,1,41,160,1,3.9,62,5.1,1,6,1,12,9,100,0,0,-50.301044841090196
W (38-24),1,9,16,169,2,55,342,3,6.2,71,7.2,1,16,1,23,2,25,1,0,1,0,18,34,206,1,27,107,2,4.0,61,5.1,1,6,1,16,6,55,0,0,-38.306194349633515
L (19-34),2,15,33,173,2,34,106,0,3.1,67,4.2,2,6,2,16,9,60,1,1,0,1,19,30,167,1,45,182,3,4.0,75,4.7,2,9,2,23,6,45,0,1,-20.3590870283234
W (45-10),0,19,23,330,3,50,198,3,4.0,73,7.2,3,14,3,30,4,45,0,0,1,2,16,28,175,0,25,26,1,1.0,53,3.8,2,2,2,12,4,38,2,0,17.38664380614236
W (24-10),0,12,25,152,1,40,154,1,3.9,65,4.7,1,9,1,18,5,35,0,0,1,5,26,46,271,1,17,73,0,4.3,63,5.5,1,3,1,16,4,31,2,3,58.790645358251155
W (34-3),0,21,29,214,0,49,217,3,4.4,78,5.5,2,14,2,29,9,61,0,0,0,1,7,22,69,0,22,120,0,5.5,44,4.3,2,5,2,12,7,55,0,1,99.51341944611778
W (35-0),0,10,14,138,2,48,220,3,4.6,62,5.8,2,12,2,20,4,25,0,0,0,2,3,11,13,0,35,100,0,2.9,46,2.5,1,7,1,8,6,45,1,1,124.94683428354085
L (10-45),1,19,37,236,0,32,116,1,3.6,69,5.1,2,8,2,19,4,40,0,1,1,1,28,39,431,5,35,129,1,3.7,74,7.6,1,9,1,24,9,80,0,1,-13.636406329825517
L (20-52),2,20,44,186,2,47,229,0,4.9,91,4.6,5,12,5,27,6,45,0,2,0,0,22,34,439,5,26,179,2,6.9,60,10.3,0,5,0,21,14,130,0,0,1.957589688402602
L (10-20),2,14,27,165,1,31,75,0,2.4,58,4.1,6,4,6,17,4,39,1,1,0,1,31,47,316,1,28,81,1,2.9,75,5.3,1,4,1,21,10,104,0,1,-10.505398209342063
L (21-59),2,22,41,236,3,49,187,0,3.8,90,4.7,4,9,4,24,7,68,1,1,0,0,27,37,424,7,23,113,0,4.9,60,9.0,1,5,1,23,10,85,0,0,8.969536078285593
L (27-37),1,23,32,235,3,35,119,0,3.4,67,5.3,3,5,3,22,10,109,0,1,0,1,11,26,161,0,38,266,4,7.0,64,6.7,5,18,5,29,6,65,0,1,-18.50683717806112
L (20-71),3,21,43,230,1,22,75,1,3.4,65,4.7,2,5,2,13,7,45,0,3,1,0,14,18,180,2,50,317,6,6.3,68,7.3,2,13,2,24,7,65,0,0,-31.968629982530228
L (25-35),1,33,56,384,2,34,101,0,3.0,90,5.4,2,7,2,26,9,88,0,1,0,2,17,32,201,2,41,148,3,3.6,73,4.8,4,7,4,18,7,60,1,1,-50.87693698030306
L (23-31),4,22,43,233,1,33,170,1,5.2,76,5.3,2,11,2,23,5,65,2,2,1,2,20,36,176,2,40,189,2,4.7,76,4.8,3,7,3,20,6,60,1,1,-41.189040003840915
W (35-34),0,13,22,230,3,54,289,2,5.4,76,6.8,2,17,2,30,5,45,0,0,0,0,35,53,402,4,17,58,0,3.4,70,6.6,2,3,2,26,4,40,0,0,40.512124024490156
L (13-24),1,12,22,165,0,40,108,1,2.7,62,4.4,2,11,2,20,6,39,0,1,0,0,23,28,229,1,32,130,2,4.1,60,6.0,2,6,2,19,8,64,0,0,21.95134599316374
L (35-38),2,8,20,62,0,39,354,4,9.1,59,7.1,0,10,0,14,7,44,0,2,0,2,20,47,274,1,49,256,4,5.2,96,5.5,2,14,2,28,2,10,0,2,5.668832406397758
W (56-12),0,20,25,294,3,44,308,5,7.0,69,8.7,4,18,4,33,5,40,0,0,1,1,24,33,256,2,25,5,0,0.2,58,4.5,1,1,1,14,10,100,1,0,13.571868969930648
L (13-42),2,15,24,142,0,26,96,1,3.7,50,4.8,5,6,5,16,7,74,1,1,1,0,25,33,307,4,29,123,2,4.2,62,6.9,4,5,4,25,14,127,0,0,12.711426138657114
L (13-34),2,13,24,125,0,24,47,0,2.0,48,3.6,2,4,2,11,9,86,0,2,1,1,31,42,278,3,36,153,1,4.3,78,5.5,4,8,4,27,6,49,0,1,-0.0326081829981657
L (17-21),3,25,36,293,1,26,36,1,1.4,62,5.3,1,2,1,18,10,105,0,3,1,0,26,37,193,2,24,41,1,1.7,61,3.8,4,3,4,19,4,21,0,0,-24.288540122158025
W (27-20),0,17,25,219,2,30,139,0,4.6,55,6.5,1,5,1,17,9,62,0,0,0,2,16,34,209,1,38,113,2,3.0,72,4.5,4,10,4,21,2,15,0,2,17.84890818244303
L (19-31),2,27,44,267,2,33,52,0,1.6,77,4.1,1,9,1,21,9,47,2,0,0,2,20,29,182,2,30,123,2,4.1,59,5.2,2,9,2,20,2,25,0,2,24.444804877445687
W (48-0),1,29,41,295,1,37,249,5,6.7,78,7.0,1,12,1,28,4,27,1,0,1,1,18,27,103,0,23,87,0,3.8,50,3.8,0,5,0,10,9,64,0,1,34.46982569711114
W (38-21),3,30,45,308,3,37,161,1,4.4,82,5.7,2,9,2,29,7,53,2,1,1,2,13,26,180,1,25,106,2,4.2,51,5.6,1,6,1,13,7,50,1,1,39.75243853374843
L (30-33),1,20,34,220,2,24,189,1,7.9,58,7.1,0,7,0,16,5,60,0,1,1,3,31,44,400,2,31,118,1,3.8,75,6.9,2,5,2,28,3,25,0,3,23.53311470948073
W (42-20),0,20,28,308,2,23,135,4,5.9,51,8.7,2,5,2,23,5,43,0,0,1,0,27,47,313,1,42,121,1,2.9,89,4.9,3,9,3,27,4,9,0,0,36.71337539609742
W (28-20),2,25,35,259,3,32,182,1,5.7,67,6.6,2,9,2,22,5,70,1,1,1,2,27,38,191,1,25,119,0,4.8,63,4.9,1,8,1,19,5,40,0,2,44.177721329732854
W (38-21),1,20,33,239,3,41,221,1,5.4,74,6.2,2,9,2,23,1,15,0,1,0,2,18,35,245,2,34,140,1,4.1,69,5.6,0,5,0,14,9,65,0,2,40.57712885344711
L (10-23),2,20,40,280,1,29,84,0,2.9,69,5.3,0,6,0,19,3,20,0,2,1,1,19,31,197,2,30,161,0,5.4,61,5.9,1,7,1,17,5,35,0,1,48.260908748785866
L (7-13),1,17,33,199,1,26,68,0,2.6,59,4.5,1,4,1,12,5,32,0,1,1,1,22,41,263,0,33,132,1,4.0,74,5.3,0,7,0,20,6,38,1,0,30.000868447869134
L (21-22),3,12,22,112,2,30,147,1,4.9,52,5.0,3,6,3,15,10,90,1,2,1,0,15,33,219,0,32,120,1,3.8,65,5.2,2,7,2,20,10,67,0,0,9.65700122073126
L (21-38),2,18,35,245,2,34,140,1,4.1,69,5.6,0,5,0,14,9,65,0,2,1,1,20,33,239,3,41,221,1,5.4,74,6.2,2,9,2,23,1,15,0,1,-11.178775935464948
L (30-62),1,27,41,372,3,34,135,1,4.0,75,6.8,1,8,1,21,7,42,1,0,0,1,26,32,303,3,42,296,4,7.0,74,8.1,1,10,1,27,4,37,0,1,-26.357926320546206
L (45-50),2,32,47,360,2,34,143,4,4.2,81,6.2,2,6,2,24,7,59,1,1,1,4,17,27,272,2,51,280,5,5.5,78,7.1,0,14,0,28,10,75,1,3,-42.207693524440124
L (28-49),2,28,45,208,2,27,187,2,6.9,72,5.5,3,7,3,21,10,84,1,1,0,0,18,24,179,4,45,303,3,6.7,69,7.0,4,12,4,28,4,50,0,0,-24.249814662567566
L (10-28),3,26,43,244,1,30,91,0,3.0,73,4.6,1,8,1,18,2,25,1,2,0,2,15,19,228,1,43,179,3,4.2,62,6.6,1,8,1,19,2,20,2,0,-12.935175606339708
L (21-41),4,15,29,204,1,34,119,1,3.5,63,5.1,2,4,2,15,12,120,2,2,1,1,19,31,224,2,51,293,3,5.7,82,6.3,3,10,3,26,7,60,1,0,-28.47693449330727
W (30-21),2,14,23,161,1,46,211,2,4.6,69,5.4,2,13,2,20,3,35,1,1,1,4,17,28,202,2,33,85,1,2.6,61,4.7,1,3,1,14,7,49,0,4,-14.674127985908072
L (13-20),1,18,34,145,0,42,160,1,3.8,76,4.0,3,8,3,20,5,52,0,1,1,3,21,35,239,1,28,94,1,3.4,63,5.3,3,5,3,17,8,70,1,2,-35.274792434807416
L (10-49),2,24,50,252,1,30,65,0,2.2,80,4.0,1,4,1,16,10,73,1,1,0,1,18,27,309,2,45,195,5,4.3,72,7.0,5,9,5,26,3,19,0,1,10.604110825932526
L (20-30),3,25,51,286,1,38,170,1,4.5,89,5.1,3,5,3,18,12,79,1,2,0,2,17,35,294,2,36,47,1,1.3,71,4.8,4,4,4,18,5,46,0,2,-4.890963093752552
W (38-24),3,26,45,340,2,44,145,2,3.3,89,5.4,1,8,1,26,5,62,1,2,1,2,10,21,103,0,33,100,2,3.0,54,3.8,2,3,2,10,3,26,1,1,-0.8916155005440487
W (44-36),0,21,38,307,4,35,101,1,2.9,73,5.6,4,4,4,19,7,65,0,0,1,2,35,52,454,4,21,62,1,3.0,73,7.1,3,4,3,27,12,86,1,1,12.609572036105188
L (32-36),1,18,33,270,2,34,110,2,3.2,67,5.7,3,8,3,23,9,85,1,0,0,1,26,41,269,3,34,157,1,4.6,75,5.7,3,6,3,25,6,56,0,1,14.601697399483186
W (40-35),0,16,21,252,2,54,166,2,3.1,75,5.6,4,9,4,26,3,20,0,0,1,2,18,24,310,1,21,84,4,4.0,45,8.8,0,5,0,17,6,57,1,1,29.671447364329488
W (24-14),0,17,31,275,1,37,145,1,3.9,68,6.2,0,9,0,21,2,10,0,0,1,0,21,29,190,1,22,78,1,3.5,51,5.3,0,7,0,16,2,10,0,0,69.43032661770992
W (17-7),0,9,23,143,2,38,84,0,2.2,61,3.7,3,4,3,12,3,21,0,0,0,1,20,29,239,1,29,88,0,3.0,58,5.6,0,4,0,14,6,47,1,0,84.79128464138083
L (13-27),4,21,37,247,0,30,123,1,4.1,67,5.5,2,8,2,18,2,14,2,2,1,0,28,43,263,2,37,128,1,3.5,80,4.9,0,11,0,21,8,66,0,0,16.184826108852864
W (24-14),0,17,28,218,1,37,121,0,3.3,65,5.2,3,8,3,21,5,28,0,0,1,3,22,30,254,2,29,65,0,2.2,59,5.4,0,6,0,17,8,85,1,2,58.37932971217367
L (31-48),1,21,33,278,4,29,68,0,2.3,62,5.6,4,5,4,20,6,61,1,0,0,1,25,37,345,3,38,194,3,5.1,75,7.2,5,11,5,28,10,97,0,1,42.690748864502226
W (24-19),2,17,25,170,1,45,170,2,3.8,70,4.9,0,10,0,19,6,80,0,2,0,2,14,35,165,1,32,127,1,4.0,67,4.4,3,7,3,17,11,75,0,2,55.44774217269524
W (31-14),0,14,21,130,1,51,208,2,4.1,72,4.7,3,11,3,20,8,58,0,0,1,1,13,36,131,1,26,147,1,5.7,62,4.5,1,5,1,12,5,58,0,1,9.35841838450875
L (23-26),3,13,27,137,0,27,183,3,6.8,54,5.9,0,9,0,14,4,34,2,1,1,1,16,25,269,0,52,153,3,2.9,77,5.5,3,9,3,25,4,20,1,0,20.873168887060604
W (31-7),0,14,19,201,2,36,136,2,3.8,55,6.1,1,6,1,16,6,45,0,0,0,2,14,25,122,1,41,136,0,3.3,66,3.9,0,11,0,18,4,24,1,1,33.77216221737094
W (21-6),0,17,28,134,2,33,99,1,3.0,61,3.8,0,6,0,11,3,22,0,0,1,2,21,48,260,0,33,96,0,2.9,81,4.4,0,4,0,17,4,23,0,2,78.34770092108212
L (14-24),3,16,37,188,1,21,40,0,1.9,58,3.9,4,2,4,15,6,45,1,2,1,1,16,34,211,3,46,167,0,3.6,80,4.7,1,9,1,20,7,64,0,1,60.94981479209797
L (6-40),2,24,42,265,0,32,46,0,1.4,74,4.2,5,2,5,21,6,60,1,1,1,2,26,34,377,2,45,272,3,6.0,79,8.2,2,18,2,33,11,114,1,1,-14.75448761701468
W (34-30),2,16,32,154,2,31,161,2,5.2,63,5.0,3,9,3,21,4,42,1,1,0,2,31,47,314,2,29,105,1,3.6,76,5.5,3,9,3,28,5,52,1,1,1.4846521605388148
W (23-20),1,21,36,274,0,43,117,2,2.7,79,4.9,2,10,2,24,4,45,0,1,0,1,26,43,264,2,25,40,0,1.6,68,4.5,1,3,1,18,4,35,0,1,17.158195879970137
L (36-46),4,19,36,274,2,39,112,3,2.9,75,5.1,5,8,5,26,2,15,1,3,1,1,40,56,385,2,31,115,2,3.7,87,5.7,1,8,1,31,7,83,0,1,31.020165106430717
L (19-24),0,26,35,326,1,31,126,0,4.1,66,6.8,0,9,0,21,16,135,0,0,1,1,17,34,245,1,30,136,2,4.5,64,6.0,6,7,6,25,6,45,0,1,2.48980335177799
L (18-21),0,27,37,314,2,29,207,0,7.1,66,7.9,1,12,1,23,6,69,0,0,0,0,14,24,115,1,33,184,2,5.6,57,5.2,2,7,2,15,4,31,0,0,-0.1903022121188851
L (16-40),2,34,50,266,2,30,127,0,4.2,80,4.9,1,7,1,23,6,54,1,1,0,0,8,14,108,2,37,220,2,5.9,51,6.4,2,13,2,20,4,55,0,0,5.564180325110575
W (26-21),0,25,40,262,0,29,113,3,3.9,69,5.4,1,6,1,21,7,44,0,0,1,3,30,50,293,2,29,166,1,5.7,79,5.8,1,11,1,26,7,35,0,3,19.02255597997275
W (31-19),2,20,29,182,2,30,123,2,4.1,59,5.2,2,9,2,20,2,25,0,2,1,2,27,44,267,2,33,52,0,1.6,77,4.1,1,9,1,21,9,47,2,0,35.82851856586436
W (24-19),1,17,34,245,1,30,136,2,4.5,64,6.0,6,7,6,25,6,45,0,1,1,0,26,35,326,1,31,126,0,4.1,66,6.8,0,9,0,21,16,135,0,0,49.81384787146342
L (24-45),1,26,37,327,2,39,89,1,2.3,76,5.5,0,8,0,21,9,63,0,1,0,1,12,21,184,2,36,276,4,7.7,57,8.1,4,10,4,21,4,30,0,1,62.90241787617384
W (42-10),0,25,29,321,3,37,123,3,3.3,66,6.7,3,5,3,23,8,67,0,0,1,3,20,30,196,1,22,104,0,4.7,52,5.8,1,6,1,17,4,30,2,1,103.40773849120728
W (49-28),0,18,24,179,4,45,303,3,6.7,69,7.0,4,12,4,28,4,50,0,0,1,2,28,45,208,2,27,187,2,6.9,72,5.5,3,7,3,21,10,84,1,1,148.53140333278122
L (34-38),2,16,30,210,2,45,188,2,4.2,75,5.3,3,10,3,22,7,67,0,2,0,0,21,30,301,3,29,78,1,2.7,59,6.4,4,6,4,24,12,112,0,0,-15.708047894339963
W (38-14),0,10,16,169,1,65,389,4,6.0,81,6.9,1,21,1,31,2,5,0,0,0,2,14,24,191,2,21,36,0,1.7,45,5.0,0,4,0,11,3,30,0,2,21.981996802856695
L (18-45),2,15,32,143,2,43,152,0,3.5,75,3.9,6,8,6,20,5,39,0,2,1,0,19,29,298,3,26,114,2,4.4,55,7.5,1,4,1,19,9,96,0,0,5.821477742194416
W (31-24),1,9,15,156,1,28,92,1,3.3,43,5.8,1,4,1,10,3,15,0,1,0,3,25,36,279,1,43,157,2,3.7,79,5.5,1,11,1,24,5,45,2,1,53.85068688094913
W (49-21),0,31,37,481,6,35,150,1,4.3,72,8.8,1,11,1,30,3,25,0,0,0,1,24,31,456,3,23,58,0,2.5,54,9.5,0,3,0,21,7,57,0,1,18.823336327515502
L (20-21),3,25,39,232,2,39,123,0,3.2,78,4.6,1,9,1,20,5,52,1,2,0,2,19,32,168,1,35,111,2,3.2,67,4.2,1,7,1,19,3,23,1,1,27.367046848827105
W (31-14),1,20,30,281,3,41,130,1,3.2,71,5.8,2,9,2,23,4,35,1,0,0,2,19,32,235,2,38,165,0,4.3,70,5.7,1,11,1,22,5,55,1,1,68.57480533657744
W (41-28),2,19,28,297,3,35,116,2,3.3,63,6.6,0,4,0,17,1,10,0,2,0,5,10,22,129,1,55,331,3,6.0,77,6.0,0,17,0,24,1,5,3,2,109.62394982226859
L (0-56),0,8,17,71,0,31,28,0,0.9,48,2.1,1,0,1,6,2,2,0,0,0,0,25,33,410,2,39,273,6,7.0,72,9.5,0,13,0,30,6,58,0,0,-9.287006934853189
W (45-42),1,26,29,264,3,40,197,3,4.9,69,6.7,1,10,1,23,7,84,1,0,0,3,22,35,329,4,30,68,1,2.3,65,6.1,5,4,5,23,6,45,1,2,5.1714488111285135
W (48-41),1,20,31,280,3,40,209,3,5.2,71,6.9,3,9,3,27,3,25,1,0,0,1,22,34,309,2,34,242,3,7.1,68,8.1,0,11,0,23,5,66,1,0,56.446060723009
L (28-42),3,14,28,179,1,36,211,3,5.9,64,6.1,2,11,2,21,5,50,0,3,1,1,13,17,156,2,43,255,3,5.9,60,6.9,3,11,3,21,4,37,1,0,63.200784708212055
L (10-42),2,18,31,141,1,41,149,0,3.6,72,4.0,2,8,2,17,4,23,2,0,1,0,16,22,226,3,34,181,3,5.3,56,7.3,0,10,0,18,4,40,0,0,11.155871054123708
W (52-6),2,21,32,361,3,41,228,4,5.6,73,8.1,3,11,3,28,3,30,0,2,1,2,12,22,117,0,26,99,0,3.8,48,4.5,1,3,1,10,6,55,2,0,17.661661871154514
W (23-3),2,14,24,160,1,43,199,2,4.6,67,5.4,1,12,1,19,2,15,1,1,0,1,9,24,82,0,31,127,0,4.1,55,3.8,0,6,0,9,6,45,1,0,51.04045707852166
L (10-42),2,15,29,137,1,28,124,0,4.4,57,4.6,2,8,2,16,8,55,0,2,0,0,7,10,93,1,54,329,5,6.1,64,6.6,2,18,2,23,7,47,0,0,36.70847773593894
L (14-34),1,14,31,140,0,33,77,2,2.3,64,3.4,2,4,2,12,4,48,0,1,1,1,25,39,318,3,28,140,0,5.0,67,6.8,1,6,1,23,9,80,0,1,-9.360424359341051
W (31-19),0,16,22,188,0,41,173,4,4.2,63,5.7,2,9,2,19,3,33,0,0,1,0,6,13,115,0,46,205,2,4.5,59,5.4,3,12,3,19,4,35,0,0,7.07402709078624
L (14-24),3,18,38,310,2,38,56,0,1.5,76,4.8,2,5,2,19,8,69,0,3,0,4,21,39,322,1,25,176,2,7.0,64,7.8,1,8,1,20,8,60,2,2,-9.960367020180481
W (49-45),1,20,29,342,3,54,262,3,4.9,83,7.3,2,15,2,30,6,50,0,1,0,2,16,31,164,1,29,412,5,14.2,60,9.6,1,13,1,22,7,64,1,1,4.1118280190360394
